title,url,stage,day,time,lfm_id
A Man To Pet,,NYC DOWNLOW,SUNDAY,01:25 - 01:30,65018997
Aaron Douglas,http://www.aarondouglasmusic.co.uk,SMALL WORLD STAGE,SUNDAY,18:45 - 19:45,17908096
Abandoman,http://robbroderick.com,THE BREAD AND ROSES,FRIDAY,18:00 - 19:00,58308706
Abi Baker,http://www.abibakermusic.co.uk,AVALON CAFÉ STAGE,WEDNESDAY,19:30 - 20:30,21896121
Able Mable,http://www.ablemable.org.uk,A LITTLE MORE SENSATION,FRIDAY,12:35 - 13:05,52413990
Acollective,http://www.joinacollective.com/en/home,GULLY,SATURDAY,17:15 - 18:15,59163501
Adam Beyer,,ARCADIA,FRIDAY,01:30 - 03:00,1016684
Adam Cohen,http://adamcohen.com/,OTHER STAGE,SUNDAY,13:00 - 13:50,1106661
Aero,,BABYLON UPRISING,SATURDAY,16:00 - 17:00,2156572
Afficoman,,HEDS PARTY IN SONIC,THURSDAY,20:00 - 00:00,10825241
Age Of Glass,http://theageofglass.com,RABBIT HOLE,SATURDAY,03:00 - 04:00,75339756
Agrupacion Carino,https://www.youtube.com/watch?v=861iODpjZaE,THE RUM SHACK,THURSDAY,20:00 - 21:00,44922549
Aidan,,LONDON UNDERGROUND,WEDNESDAY,00:30 - 01:45,10055008
Akala,http://www.akalamusic.moonfruit.com/,LEFT FIELD,SATURDAY,19:30 - 20:30,1300892
Akua Naru,http://www.akuanaru.com/,GLADE,FRIDAY,18:05 - 19:05,45470116
Al o'Kane,,AVALON CAFÉ STAGE,SATURDAY,11:30 - 12:15,33948089
Alabama 3,http://www.alabama3.co.uk,GLADE,FRIDAY,22:55 - 00:25,1839
Alabama Shakes,http://www.alabamashakes.com,PYRAMID STAGE,FRIDAY,14:30 - 15:30,70148515
Alastair Caplin,,THE LIZARD STAGE,SUNDAY,16:00 - 17:00,74961963
Alex Edelman,,CABARET,SUNDAY,17:00 - 17:30,34231109
Alex Metric,https://soundcloud.com/alexmetric,BEZ'S ACID HOUSE,FRIDAY,02:00 - 04:00,13800660
Alfie Connor,https://www.facebook.com/alfieconnormusic,BBC INTRODUCING,SUNDAY,14:15 - 14:40,74899805
Alfred,,THE BANDSTAND,SATURDAY,15:00 - 15:40,6828344
Aliji,https://soundcloud.com/aliji_music/summer-is-coming,GLADE LOUNGE,FRIDAY,21:00 - 22:00,16891605
Alistair Barrie,http://www.alistairbarrie.com,CABARET,SATURDAY,23:45 - 00:15,62467436
All We Are,http://www.thisisallweare.co.uk/,WILLIAM'S GREEN,SUNDAY,14:00 - 14:40,13030795
Alley Cat,,LONDON UNDERGROUND,SATURDAY,23:15 - 00:30,1167600
Alo Wala,https://www.facebook.com/alowalamusic,LA PUSSY PARLURE,SUNDAY,00:45 - 01:45,92538754
alt-J,http://www.altjband.com,PYRAMID STAGE,SUNDAY,17:45 - 18:45,68858067
Altern 8,,ARCADIA,SUNDAY,01:00 - 02:30,1039016
Alvvays,http://alvvays.com/,JOHN PEEL STAGE,SUNDAY,15:40 - 16:20,83686538
Amateurism,http://amateurism.co.uk/,THE BEAT HOTEL,SATURDAY,12:00 - 13:30,93253715
Amy Becker,,ARCADIA,SUNDAY,18:00 - 19:00,78776619
Andrew Maxwell Morris,http://www.andrewmaxwellmorris.com,TOAD HALL,WEDNESDAY,20:00 - 20:45,92067967
Andrew Maxwell,http://www.andrewmaxwellcomedian.com,CABARET,SATURDAY,01:30 - 02:00,17844881
Andreya Triana,,GREENPEACE,SATURDAY,17:00 - 17:45,10961167
Andy Butler,,GENOSYS,FRIDAY,18:00 - 19:30,6923707
Andy Kershaw,,GULLY,SATURDAY,21:30 - 23:00,6912466
Andy P,,DELUXE DINER,Sunday,02:00 - 05:00,1029528
Andy P,,DELUXE DINER,Thursday,01:00 - 02:30,1029528
Andy Snatch,http://www.andysnatch.com,THE PAVEMENT,FRIDAY,11:20 - 11:50,44269034
AndyP,,DELUXE DINER,Saturday,15:00 - 17:00,34265784
Angie Mack,http://Http://www.dazzlingmills.com,THE PAVEMENT,FRIDAY,10:10 - 10:40,42271924
Anicca,,BABYLON UPRISING,SATURDAY,20:00 - 21:00,27322285
Animal Crackers,http://steviepea.wix.com/peapod,ANCIENT FUTURES,THURSDAY,00:30 - 01:30,1120919
Anna Freeman,http://www.annafreemanwriter.com,POETRY&WORDS,SUNDAY,14:05 - 14:50,57573103
Annie Mac,,ARCADIA,SATURDAY,23:30 - 00:30,10063708
Annie Nightingale,https://www.facebook.com/AnnieNightingale.DJ,GLADE,SATURDAY,00:35 - 01:45,6887609
Anton Maskeliade,http://www.maskeliade.com/,SONIC,SATURDAY,12:00 - 13:00,51666814
Antosh Wojcik,https://antoshwojciksyllablesyndrome.wordpress.com/,POETRY&WORDS,FRIDAY,13:20 - 13:40,86190927
Anushka,http://www.anushkaofficial.com/,LA PUSSY PARLURE,SATURDAY,16:30 - 17:30,6776697
Anyone for Tennis,http://www.foolsparadise.co.uk/companies/fairlyfamousfamily/,BELLA'S FIELD,FRIDAY,16:00 - 16:45,17885318
Aries,https://soundcloud.com/aries-uk,THE CAVE,SUNDAY,02:00 - 03:00,2033795
Arthur Smith,,CABARET,FRIDAY,13:15 - 13:45,1263199
ASBO DISCO,http://asbodis.co/en/index,THE SPACEPORT,THURSDAY,16:30 - 17:45,20406654
Astronomyy,http://www.astronomyy.com/,LA PUSSY PARLURE,FRIDAY,16:30 - 17:30,84615921
Asylums,http://www.asylumsband.com/,BBC INTRODUCING,SATURDAY,15:50 - 16:15,14623249
Attila the Stockbrocker,http://www.attilathestockbroker.com,POETRY&WORDS,SUNDAY,13:20 - 14:00,10089510
Attila the Stockbroker,http://www.attilathestockbroker.com,CABARET,SATURDAY,14:25 - 14:55,1013909
Audio Stud,,THE SPACEPORT,SATURDAY,20:30 - 22:00,57922492
Avalon Roots,http://www.avalonroots.co.uk/,ANCIENT FUTURES,SUNDAY,20:00 - 21:30,35298304
Awesome Tapes from Africa,,GENOSYS,SATURDAY,17:30 - 19:30,28028052
Azealia Banks,http://www.azealiabanks.com/,OTHER STAGE,SATURDAY,13:25 - 14:15,48438991
Azekel,http://www.azekel.com/,BBC INTRODUCING,FRIDAY,16:00 - 16:25,46007501
B.Traits,http://btraits.com/,WOW!,SATURDAY,00:00 - 01:00,18411812
Baby Wolf,,GREENPEACE/ THE ENGINE ROOM,THURSDAY,01:00 - 02:00,35436133
Back Before Breakfast,https://myspace.com/backbeforebreakfast,THE BANDSTAND,SUNDAY,14:00 - 14:40,75304205
Bad For Lazarus,http://badforlazarus.wordpress.com/,HELL STAGE,SATURDAY,22:05 - 23:50,45999709
Baggy Mondays,http://www.facebook.com/baggymondays,STONEBRIDGE,THURSDAY,19:00 - 20:30,83567161
Baghdaddies,,THE HOUSE OF COME ONS,SUNDAY,01:30 - 02:30,2152486
Bahamian Moor,,THE BEAT HOTEL,FRIDAY,12:00 - 13:30,61320753
Baila La Cumbia,https://bailalacumbia.wordpress.com,THE BANDSTAND,SATURDAY,22:30 - 23:30,29023097
Balthazar,http://www.balthazarband.be/,LA PUSSY PARLURE,THURSDAY,02:00 - 03:00,2041861
Banco De Gaia,http://www.banco.co.uk,CROISSANT NEUF,SUNDAY,01:00 - 02:00,2072
Banoffee Pies,https://soundcloud.com/banoffee-pies,THE TEMPLE,SUNDAY,22:00 - 23:00,88011583
Bare Hunter,http://www.barehunter.co.uk/,AVALON CAFÉ STAGE,SUNDAY,21:00 - 22:00,87290217
Bare Knuckle Parade,http://www.bareknuckleparade.com/,AVALON STAGE,FRIDAY,14:20 - 15:15,87041698
Barry Ashworth,,GREENPEACE/ THE ENGINE ROOM,THURSDAY,00:00 - 01:00,1216524
Barry Castagnola,,CABARET,SUNDAY,21:03 - 00:00,15585925
Bashment Bish,,DELUXE DINER,Sunday,18:00 - 19:30,54148156
Batch Gueye Band,http://www.batchgueye.co.uk,CROISSANT NEUF,SUNDAY,17:30 - 18:30,88978880
Batida,https://www.facebook.com/batida,LA PUSSY PARLURE,SUNDAY,18:45 - 19:45,6672278
Beans On Toast,,GREENPEACE,SATURDAY,12:00 - 12:30,15346901
Bear's Den,http://www.bearsdenmusic.co.uk/,AVALON STAGE,SUNDAY,16:55 - 17:55,66690048
Bearcubs,https://www.facebook.com/bearcubsmusic,BBC INTRODUCING,FRIDAY,17:30 - 17:55,62990401
Beauchamp,,BABYLON UPRISING,SATURDAY,13:00 - 14:00,13311674
Belle and Sebastian,http://www.belleandsebastian.com/,OTHER STAGE,SUNDAY,18:45 - 19:45,1001531
Ben,http://www.benandlex.co.uk,GLADE LOUNGE,THURSDAY,12:00 - 01:30,1064690
Ben Howard,http://benhowardmusic.co.uk/,OTHER STAGE,SATURDAY,20:40 - 21:55,10304981
Ben Pearce,,STONEBRIDGE,FRIDAY,14:00 - 15:30,31135258
Ben Poole,http://www.benpoole.co.uk,ACOUSTIC STAGE,FRIDAY,12:55 - 13:25,17456921
Benjamin Booker,http://www.benjaminbookermusic.com/,THE PARK STAGE,FRIDAY,18:30 - 19:30,76699872
Benny Boot,,CABARET,SATURDAY,18:00 - 18:30,68395824
Benton,,BABYLON UPRISING,FRIDAY,01:00 - 02:00,9943794
Beth Porter,http://www.bethporter.x10.mx/,THE BANDSTAND,THURSDAY,15:20 - 16:20,33639625
Beyond The Wizards Sleeve,,STONEBRIDGE,FRIDAY,18:00 - 20:00,13104299
Bicep,https://soundcloud.com/feelmybicep,THE TEMPLE,SUNDAY,00:30 - 02:00,10930419
Big Beat,,THE GATEWAY,FRIDAY,18:10 - 18:40,10055272
Big Narstie,http://bignarstie.com/,WOW!,SATURDAY,19:20 - 20:00,14277262
Biggles Wartime Band,http://www.biggleswartimeband.co.uk,CROISSANT NEUF,SUNDAY,16:00 - 17:00,12861719
Biggles,,CROISSANT NEUF BANDSTAND,THURSDAY,14:00 - 14:45,6758421
Bikini Beach Band,http://www.bikinibeach.co.uk/,HMS SWEET CHARITY,FRIDAY,03:00 - 04:00,1075295
Billy Bragg,http://www.billybragg.co.uk,TOAD HALL,THURSDAY,19:30 - 20:00,4149
Billy Rowan - The Undercover Hippy,http://www.billyrowan.co.uk/,SMALL WORLD STAGE,THURSDAY,22:00 - 23:15,80733857
BiMM,,CROISSANT NEUF BANDSTAND,WEDNESDAY,15:30 - 16:30,13953252
Birthday Party,,JUGGLING TENT,FRIDAY,18:00 - 19:00,605
Black Peaches,http://www.facebook.com/BlackPeachesBand,RABBIT HOLE,SATURDAY,20:30 - 21:30,93491170
blackSKYwhite,http://www.blackskywhite.com/cntnt/eng/eng-glavnaya.html,THE ASTROLABE THEATRE,FRIDAY,00:00 - 01:00,35734047
BLISS ZION,,BABYLON UPRISING,SATURDAY,18:00 - 19:00,82233792
Bobby Long,http://www.bobbylong.info,ACOUSTIC STAGE,SATURDAY,12:50 - 13:20,11133530
Bodhi,,STONEBRIDGE,FRIDAY,20:00 - 22:00,6772303
bohemianauts,,GREENPEACE,THURSDAY,14:00 - 14:45,74302800
Bonkaz,https://soundcloud.com/bonkaz,SONIC,SUNDAY,19:15 - 19:45,16006233
Boogie Cartel,,NYC DOWNLOW,THURSDAY,02:00 - 03:00,80253437
Boogie Nights,,VILLAGE INN,THURSDAY,21:00 - 23:00,1074676
Booka Shade,,ARCADIA,FRIDAY,21:00 - 22:00,6655796
Borgore,http://therealborgore.com/,SONIC,FRIDAY,23:00 - 00:30,46991444
Born On Road,http://www.soundcloud.com/born-on-road,SALON CAROUSEL,SUNDAY,23:00 - 01:00,90766220
Bowjangles,,THE SUMMER HOUSE,FRIDAY,17:25 - 17:45,18589301
Boxcar Joe Strouzer,http://www.boxcarjoe.bandcamp.com/,SMALL WORLD STAGE,SUNDAY,16:00 - 17:00,96780550
Brass Funkeys,,THE HOUSE OF COME ONS,SUNDAY,23:15 - 00:15,77566472
Brawther,,GENOSYS,FRIDAY,02:30 - 04:30,47731249
Brian Boothby,http://www.brianboothby.co.uk/,MANDALA STAGE,WEDNESDAY,23:00 - 00:00,21389269
BROADER THAN BROADWAY,,STONEBRIDGE,FRIDAY,22:00 - 23:30,21309806
Buffo's Wake,,THE LIZARD STAGE,THURSDAY,21:30 - 22:30,64005045
Buffos wake,http://www.buffoswake.co.uk/,SMALL WORLD STAGE,SATURDAY,21:45 - 22:45,64001950
Buffo’s Wake,,THE HOUSE OF COME ONS,FRIDAY,00:00 - 01:00,81355605
Bumbling Loons,https://soundcloud.com/dicktrevor/bumbling-loons-shimmer-sample,GLADE LOUNGE,SATURDAY,21:00 - 22:00,1226563
Burt Bacharach,http://bacharachonline.com/,PYRAMID STAGE,SATURDAY,16:30 - 17:30,1004477
Buttoned Down Disco,http://www.buttoneddowndisco.com/,WILLIAM'S GREEN,SUNDAY,23:00 - 02:30,12950298
Buzzcocks,http://www.buzzcocks.com/site/index.html,LEFT FIELD,SUNDAY,21:00 - 22:00,1001516
Cal Jader,http://HTTP://WWW.MOVIMIENTOS.ORG.UK/,HMS SWEET CHARITY,SUNDAY,23:30 - 00:00,23200358
Calico Jack,http://www.calicojacksboat.co.uk/,SMALL WORLD STAGE,FRIDAY,20:15 - 21:15,10167157
Cam Scott,,ANCIENT FUTURES,FRIDAY,14:00 - 15:30,16026116
Captain Cactus,,AVALON CAFÉ STAGE,SATURDAY,13:30 - 14:15,101336467
Cara Dillon,http://www.caradillon.co.uk/,AVALON STAGE,FRIDAY,17:15 - 18:15,1053287
Caribou,http://www.caribou.fm/,WEST HOLTS,FRIDAY,20:30 - 21:30,6917178
Carnival Collective,http://www.carnivalcollective.org,SMALL WORLD STAGE,SATURDAY,12:45 - 01:45,6849085
Carousels and Limousines,http://www.carouselsandlimousines.co.uk,AVALON CAFÉ STAGE,FRIDAY,13:30 - 14:15,83906321
Caspa,https://soundcloud.com/caspaofficial,THE CAVE,SATURDAY,03:00 - 04:00,13505413
cassetteboy and dj rubbish,http://www.youtube.com/user/cassetteboy,GLADE,SUNDAY,13:20 - 14:00,2106286
Cate Ferris,http://www.cateferris.wix.com/cate-ferris,TOAD HALL,FRIDAY,22:30 - 23:30,43572089
Catfish and The Bottlemen,http://www.catfishandthebottlemen.com/,OTHER STAGE,FRIDAY,15:00 - 16:00,49477793
Catz'n Dogz,https://www.facebook.com/catzndogz.official,WOW!,FRIDAY,23:00 - 01:00,43968495
Celeste Lovick,http://www.shelteringtree.co.uk/,MANDALA STAGE,WEDNESDAY,16:00 - 17:00,20711684
Celt Islam,https://soundcloud.com/celt-islam,THE CAVE,SATURDAY,05:00 - 06:00,13384742
Cerrone,,GENOSYS,THURSDAY,21:30 - 23:00,1045562
ChainSka Brassica,http://www.chainskabrassika.com/Bio.html,THE ROCKET LOUNGE,Sunday,04:00 - 05:00,78986428
ChainSka Brassika,http://www.chainskabrassika.com,CROISSANT NEUF,FRIDAY,01:00 - 02:00,74482521
Charli XCX,http://www.charlixcxmusic.com/,JOHN PEEL STAGE,SUNDAY,17:50 - 18:35,34134394
Charlotte Higgins,,POETRY&WORDS,SATURDAY,14:20 - 14:40,70909502
Chelsea Wilson,http://www.chelseawilson.com.au/,RABBIT HOLE,SUNDAY,20:00 - 21:00,23743072
Chelsey Chambers,https://www.facebook.com/chelseychambersmusic,ACOUSTIC STAGE,SATURDAY,12:00 - 12:40,69326004
Chet Faker,http://chetfaker.com/,JOHN PEEL STAGE,FRIDAY,16:00 - 16:40,65953975
Childhood,http://www.childhoodband.com/,WILLIAM'S GREEN,SATURDAY,13:30 - 14:10,1005447
Chris Coco,http://www.melodicarecordings.com/artist/chris-coco,THE BEAT HOTEL,SATURDAY,15:00 - 16:30,1014008
Chris Collins,https://soundcloud.com/chris-collins-78,BEZ'S ACID HOUSE,SATURDAY,05:00 - 06:00,9911926
Chris Ellis,http://www.shelteringtree.co.uk/,MANDALA STAGE,WEDNESDAY,22:00 - 23:00,11606140
Christine Willison,http://www.christinestories.co.uk,STORYTELLING AT THE EARTH LODGE,THURSDAY,13:00 - 14:00,51955337
Christy Moore,http://www.christymoore.com,ACOUSTIC STAGE,FRIDAY,21:30 - 23:00,1051783
Chronixx,http://chronixxmusic.com,PYRAMID STAGE,FRIDAY,12:00 - 12:40,35562733
Ciaran Lavery,http://www.ciaranlaverymusic.com,AVALON CAFÉ STAGE,FRIDAY,14:30 - 15:15,75414242
Circa Waves,http://circawaves.com/,JOHN PEEL STAGE,FRIDAY,18:25 - 19:20,77842425
Clancy,,THE BEAT HOTEL,THURSDAY,20:00 - 22:00,14272757
Clean Bandit,http://cleanbandit.co.uk/,OTHER STAGE,SATURDAY,17:35 - 18:35,55263116
Clive Pig,http://www.clivepig.co.uk/,STORYTELLERS TENT,THURSDAY,17:00 - 18:00,6680839
Club de Fromage,http://www.clubdefromage.com/,WILLIAM'S GREEN,FRIDAY,23:30 - 03:00,58851494
Coasts,http://coastscoastscoasts.tumblr.com/,JOHN PEEL STAGE,SATURDAY,13:00 - 13:40,12507976
Coco,http://www.cocoandthebutterfields.com/,AVALON STAGE,SATURDAY,12:50 - 13:45,1009486
CoCo and the Butterfields,http://www.cocoandthebutterfields.com,AVALON CAFÉ STAGE,THURSDAY,00:00 - 01:00,75317731
Cold Fever,http://coldfevermusic.co.uk/,BBC INTRODUCING,FRIDAY,14:30 - 14:55,12265780
Count Bobo,http://www.countbobo.com/,THE BANDSTAND,THURSDAY,00:00 - 01:00,94029099
Courteeners,http://www.thecourteeners.com/,OTHER STAGE,FRIDAY,19:30 - 20:30,22546369
Courtney Barnett,http://courtneybarnett.com.au,PYRAMID STAGE,SATURDAY,12:10 - 13:00,35299158
Craig Charles,http://bbc.co.uk/programmes/b0072ky7,HEAVEN,SUNDAY,01:00 - 03:00,10921324
Creature Feature,http://www.creaturefeature.biz/,GLEBELAND,THURSDAY,15:00 - 15:30,15150595
Crucial,http://www.crucialandfresh.com/,THE BEAT HOTEL,SATURDAY,13:30 - 15:00,9961093
Culture Shock,,WANGO RILEY'S TRAVELLING STAGE,SATURDAY,21:45 - 22:30,1024355
cumbia all stars,http://www.cumbiaallstars.org/,WEST HOLTS,SUNDAY,16:00 - 17:00,16629747
Curtis Eller's American Circus,http://www.curtiseller.com,THE BANDSTAND,SUNDAY,20:40 - 21:40,1293586
Cut A Shine,http://www.cutashine.co.uk,THE BANDSTAND,THURSDAY,16:40 - 17:40,21696321
Cut Capers,http://www.cutcapers.com,CROISSANT NEUF,SATURDAY,01:00 - 02:00,80528395
D.A.V.E The Drummer,https://soundcloud.com/dave-the-drummer,THE TEMPLE,FRIDAY,04:00 - 05:00,1336353
Da Gamba,http://www.dagamba.eu,TOAD HALL,THURSDAY,23:15 - 00:15,75583899
DaGamba,http://dagamba.eu/the-band/,THE BANDSTAND,SATURDAY,15:00 - 15:40,69907129
Damian Lazarus,http://damianlazarus.com/,SONIC,FRIDAY,17:15 - 18:15,1302803
Dan Simpson,http://www.dansimpsonpoet.co.uk,POETRY&WORDS,FRIDAY,17:25 - 17:45,19462655
Daniel McKee,http://www.kardistry.com,BELLA'S FIELD,FRIDAY,16:30 - 17:15,33413958
Darius,,THE DOWNLOW RADIO,SATURDAY,03:00 - 04:30,1056729
Dark Sky,https://www.facebook.com/darkskyuk,WOW!,SUNDAY,18:00 - 19:00,1142703
Dave Seaman,http://www.djdaveseaman.com,GLADE LOUNGE,FRIDAY,01:15 - 03:00,1023164
Dave Tunstall,,GREENPEACE,WEDNESDAY,20:00 - 20:45,76040304
Davos,https://www.facebook.com/Davoslive,GLADE,SUNDAY,12:40 - 13:10,10461014
Dax J,https://soundcloud.com/daxj,THE TEMPLE,FRIDAY,03:00 - 04:00,17580013
DC Breaks,,ARCADIA,SATURDAY,00:30 - 01:30,10379987
De fuego,http://defuego.co.uk/,SMALL WORLD STAGE,THURSDAY,16:00 - 15:00,67961440
deadmau5,http://www.deadmau5.com/,OTHER STAGE,SATURDAY,22:30 - 23:45,1182039
Dean,,WANGO RILEY'S TRAVELLING STAGE,SATURDAY,19:30 - 20:15,1141707
Death By Numbers,http://people.maths.ox.ac.uk/dusautoy/,THE ASTROLABE THEATRE,FRIDAY,16:00 - 16:50,32055394
Death Cab for Cutie,http://deathcabforcutie.com/home/,JOHN PEEL STAGE,SUNDAY,20:35 - 21:35,4192
Death from Above 1979,http://deathfromabove1979.com/,JOHN PEEL STAGE,SATURDAY,19:35 - 20:35,6694932
Declan Mckenna,https://soundcloud.com/declan-mckenna/brazil-final,RABBIT HOLE,THURSDAY,19:00 - 19:30,89720802
Denai Moore,http://www.denaimoore.com/,THE PARK STAGE,SUNDAY,12:00 - 12:40,50691310
Dense,,GENOSYS,SUNDAY,21:30 - 23:00,11720569
Dephect,http://www.mixcloud.com/rob-dephect,THE SPACEPORT,FRIDAY,23:00 - 00:00,17571075
Deputy,,BABYLON UPRISING,FRIDAY,14:00 - 15:00,14409610
Dermot O'Leary,,RABBIT HOLE,FRIDAY,23:30 - 01:30,27325020
Dickster,http://soundcloud.com/dicktrevor,GLADE LOUNGE,SATURDAY,01:15 - 03:00,2038806
Digging Roots,http://diggingrootsmusic.com/,GULLY,SATURDAY,14:15 - 15:15,13595421
digs,,GENOSYS,FRIDAY,16:00 - 18:00,10376875
digs,,THE DOWNLOW RADIO,WEDNESDAY,23:00 - 00:30,10376875
Dillinja,http://vlvmusic.com/index.php/artists/dillin,SALON CAROUSEL,SATURDAY,01:00 - 02:00,4208
DJ Ace,http://www.djace.com/,THE BLUES,SATURDAY,19:30 - 21:00,1135553
Dj AntZ,http://www.trustthedj.com/djantz,THE SPACEPORT,SATURDAY,15:00 - 18:00,14265238
DJ Badly,https://www.facebook.com/dj.badly,THE BLUES,SATURDAY,12:30 - 14:00,22076441
DJ Ben Ben,,ANCIENT FUTURES,SUNDAY,01:30 - 03:00,70427111
DJ Chamber,,THE SPACEPORT,SUNDAY,18:00 - 19:00,12840076
DJ Chris Tofu,,THE HOUSE OF COME ONS,THURSDAY,01:00 - 02:00,73876836
Dj Code,https://www.facebook.com/djcode.fans,THE BLUES,SATURDAY,15:30 - 17:00,6638396
Dj Crash,http://www.djcrashandburn.com/,HMS SWEET CHARITY,THURSDAY,01:00 - 02:00,1115963
Dj Detta,https://soundcloud.com/dj-detta,THE SPACEPORT,SUNDAY,22:00 - 23:00,63587908
DJ EZ,http://www.djez.com/,WOW!,SATURDAY,01:00 - 02:00,1008541
DJ Flight,,LONDON UNDERGROUND,FRIDAY,01:30 - 03:00,1231952
DJ Goofy,,BABYLON UPRISING,THURSDAY,21:00 - 22:00,6652677
DJ Hype,http://playaz.co.uk/artists/dj-hype/,THE BLUES,SATURDAY,21:00 - 22:30,1000358
Dj Louie Louie,,DELUXE DINER,Thursday,02:30 - 04:00,48026115
DJ MISS PINK,,LONDON UNDERGROUND,FRIDAY,00:30 - 01:30,74570374
DJ OX,,STONEBRIDGE,SUNDAY,16:00 - 18:00,11036689
DJ Pierre,,NYC DOWNLOW,THURSDAY,21:30 - 23:00,1644
DJ Pony,http://www.ponymontana.net,GLADE LOUNGE,THURSDAY,22:30 - 00:00,14108847
DJ SKT,https://www.facebook.com/djskt,THE BLUES,SUNDAY,14:30 - 16:00,78956711
DJ Target,,WOW!,SATURDAY,20:00 - 20:20,2100444
dj vj,,ANCIENT FUTURES,FRIDAY,01:30 - 03:00,10533266
DJ Yoda Presents Breakfast of Champions,http://www.djyoda.co.uk/,GLADE,SUNDAY,14:20 - 15:20,92920024
Djanan Turan,http://www.djananturan.co.uk/,RABBIT HOLE,SUNDAY,17:00 - 18:00,32378634
Django Django,http://www.djangodjango.co.uk/,JOHN PEEL STAGE,SUNDAY,16:40 - 17:30,31735926
Django,,THE CAVE,SATURDAY,22:00 - 23:00,6678553
DJuggledy,http://www.djuggledy.com,A LITTLE MORE SENSATION,FRIDAY,15:20 - 15:50,42351699
Doc Brown,,CABARET,FRIDAY,22:20 - 22:50,2023769
Documentary Films,,THE BREAD AND ROSES,FRIDAY,11:00 - 16:00,46658216
Dolores Delight,,CROONER'S CORNER,FRIDAY,17:00 - 17:30,80073229
Don Johnston,,THE HOUSE OF COME ONS,THURSDAY,21:00 - 22:00,13824173
Don Letts,https://www.facebook.com/pages/Don-Letts/105585732808584,GLADE,FRIDAY,16:35 - 17:35,10074722
Donald Grant,http://www.donaldgrantdiabolo.com,THE SUMMER HOUSE,FRIDAY,15:35 - 15:42,49727630
donJohnston,http://donjohnstonmusic.uk/,HEAVEN,SATURDAY,20:00 - 21:00,64744053
Donovan,http://www.donovan.ie,ACOUSTIC STAGE,SUNDAY,21:30 - 23:00,1186
Doomtree,http://www.doomtree.net/,SONIC,SUNDAY,12:00 - 13:00,10472478
Doreen Doreen,http://www.doreendoreen.co.uk/ub8n5xfvh8o7vx26ddlbsjb66f0tby,THE SUMMER HOUSE,FRIDAY,01:05 - 02:05,18625288
Dorian Concept,http://ninjatune.net/artist/dorian-concept#.VVDK4PnF_40,WEST HOLTS,FRIDAY,13:00 - 14:00,6994536
Dornik,https://www.facebook.com/dornikmusic,LA PUSSY PARLURE,SATURDAY,15:00 - 16:00,56839441
Double Agent 7,,DELUXE DINER,Friday,22:00 - 23:30,83843796
Dr Alice Roberts,,FREE UNIVERSITY OF GLASTONBURY,SUNDAY,14:00 - 14:45,62115036
DR Cat,,THE HOUSE OF COME ONS,FRIDAY,05:00 - 06:00,10815968
Dr Meaker,http://www.drmeaker.co.uk/,GLADE,SUNDAY,15:50 - 16:40,13047264
Dr Schwamp,http://www.drschwamp.com,AVALON CAFÉ STAGE,FRIDAY,21:00 - 22:00,92327532
Dreadzone,http://www.dreadzone.com/,AVALON STAGE,SATURDAY,20:15 - 21:15,1028937
Dropsteady Freddy,https://soundcloud.com/full-melt-1,GLADE LOUNGE,SUNDAY,22:30 - 00:00,76540460
Dub Pistols,http://dubpistolsmusic.co.uk/,GLADE,FRIDAY,15:25 - 16:25,1003567
Dub Smugglers,,BABYLON UPRISING,THURSDAY,18:00 - 19:30,58670130
Dubioza Kolektiv,http://dubioza.org/,GLADE,SUNDAY,17:10 - 18:10,6785465
Dubtastic music,,BABYLON UPRISING,SUNDAY,14:00 - 15:00,84606790
Duke Special,http://www.dukespecial.com/,ACOUSTIC STAGE,FRIDAY,16:25 - 17:05,6652413
Duncan Disorderly,http://www.the-scallywags.co.uk/,SMALL WORLD STAGE,THURSDAY,20:15 - 21:30,1140174
Dungeon Meat,,NYC DOWNLOW,SATURDAY,04:30 - 06:00,85881056
Dynamix,http://www.dynamix.coop,BELLA'S FIELD,THURSDAY,15:00 - 17:00,1190319
East India Youth,http://eastindiayouth.co.uk/,WILLIAM'S GREEN,SUNDAY,19:00 - 19:40,78914354
Eat Static,http://www.eatstatic.co.uk/,GLADE,FRIDAY,21:00 - 22:15,1011057
Eats Everything,,NYC DOWNLOW,SATURDAY,22:00 - 23:30,52385899
Eaves,https://www.facebook.com/Eaves,THE PARK STAGE,SATURDAY,12:00 - 12:40,1162741
Ed Solo and Deekline,https://soundcloud.com/edsol,HEAVEN,THURSDAY,22:00 - 23:00,53100306
Ed Solo,http://soundcloud.com/edsolo,THE SPACEPORT,FRIDAY,21:00 - 22:00,1160460
Ekkah,https://www.facebook.com/WEAREEKKAH,BBC INTRODUCING,SATURDAY,17:20 - 17:45,87297843
El Hijo de la Cumbia,http://www.elhijodelacumbia.com.ar/,LA PUSSY PARLURE,SUNDAY,01:45 - 02:30,20875068
Eleanor Tiernan,,CABARET,FRIDAY,18:10 - 18:40,49828076
Elise Yuill,http://www.eliseyuill.com/index.php,SMALL WORLD STAGE,SUNDAY,12:00 - 13:00,88682359
Elito Reve y su Charangon,http://www.orquestareve.net/en/index.html,GLASTO LATINO,SATURDAY,00:00 - 01:30,16919731
Ella Eyre,http://www.ellaeyre.com/,OTHER STAGE,SATURDAY,16:05 - 17:05,81367955
Elle,http://www.pocketbelles.com,THE BANDSTAND,FRIDAY,16:00 - 16:50,1331115
Elle and the Pocket Belles,http://www.pocketbelles.com,CROISSANT NEUF,THURSDAY,22:30 - 23:15,83725797
Ellie Rose,http://ellierose.co.uk/,BBC INTRODUCING,SATURDAY,12:40 - 13:05,44889007
Elve,,BABYLON UPRISING,SATURDAY,21:00 - 22:00,2128759
Emika,http://emikarecords.com,GLADE,SATURDAY,18:30 - 19:30,17780755
Emily Bee,,CABARET,FRIDAY,21:40 - 21:45,96738795
Enter Shikari,http://www.entershikari.com/,JOHN PEEL STAGE,FRIDAY,22:45 - 23:45,10049518
Eric Bibb,http://www.ericbibb.com/,ACOUSTIC STAGE,SUNDAY,18:30 - 19:30,1057118
Erol Alkan,http://shop.phantasysound.co.uk/pages/erol-alkan,THE BEAT HOTEL,FRIDAY,01:00 - 03:00,2039553
Ese,http://www.esemusic.net,TOAD HALL,WEDNESDAY,22:00 - 22:45,1255523
Eugene,,JAG'Z ACID LOUNGE,SATURDAY,23:00 - 00:30,1157305
Everything Everything,http://www.everything-everything.co.uk/,WILLIAM'S GREEN,SATURDAY,14:30 - 15:10,22655451
Ewan Pearson,http://ewanpearson.com/,THE BEAT HOTEL,THURSDAY,22:00 - 00:00,1306538
External Combustion,http://www.externalcombustion.com/index.php,GLEBELAND,FRIDAY,00:55 - 01:05,57660850
Fabio,,LONDON UNDERGROUND,FRIDAY,22:45 - 00:30,1034936
Faces of Disco,,THE SUMMER HOUSE,FRIDAY,18:15 - 18:45,53678660
fanny tastic,,DELUXE DINER,Saturday,21:30 - 23:00,74225746
Fast Eddie,http://www.djfasteddie.com/,THE CAVE,SATURDAY,01:00 - 02:00,1063913
Fat White Family,https://fatwhitefamily.bandcamp.com/,HELL STAGE,SATURDAY,03:25 - 04:30,73640033
Fatboy Slim,,THE BLUES,SATURDAY,01:30 - 03:00,4241
Father Funk,https://fatherfunkmusic.wordpress.com/,HEAVEN,SUNDAY,04:00 - 05:00,74892828
Father John Misty,http://www.fatherjohnmisty.com/,THE PARK STAGE,SATURDAY,18:30 - 19:30,73516142
Fatt Matt,http://www.lunarcircus.com,SENSATION SEEKERS STAGE,FRIDAY,15:10 - 15:40,11603814
Feel the Real Soundsystem,https://www.facebook.com/pages/Feel-The-Real-Soundsystem/156120261149890,THE BLUES,SUNDAY,01:00 - 02:30,68810669
Felix Dickinson,,GENOSYS,SATURDAY,04:30 - 06:00,22438917
FERAL is KINKY,,THE TEMPLE,THURSDAY,21:00 - 22:00,73438330
Ferocious Dog,http://www.ferociousdog.co.uk/,AVALON STAGE,SUNDAY,14:00 - 14:55,67694225
FFS,http://www.ffsmusic.com/,JOHN PEEL STAGE,SUNDAY,22:05 - 23:15,10695634
Field Studies,https://www.facebook.com/fieldstudiesband,BBC INTRODUCING,SUNDAY,15:45 - 16:10,15609408
Film,,SPEAKERS FORUM,THURSDAY,18:30 - 19:30,1009926
Fire Fingers,http://www.fire-fingers.com,A LITTLE MORE SENSATION,FRIDAY,00:20 - 00:50,51820441
Fish Sticks,,WANGO RILEY'S TRAVELLING STAGE,SUNDAY,19:30 - 20:15,21895075
FKA twigs,http://fkatwi.gs/#congregata,WEST HOLTS,SUNDAY,20:30 - 21:30,85266163
Flamingods,http://www.flamingods.bandcamp.com/,WEST HOLTS,SUNDAY,11:30 - 12:30,59821501
Fleetmac Wood,,STONEBRIDGE,SUNDAY,18:00 - 20:00,78641739
Flight Brigade,http://www.flightbrigade.com/,THE BANDSTAND,SUNDAY,22:10 - 23:00,61284976
Flight Facilities,http://flightfacilities.com/,SONIC,FRIDAY,18:45 - 20:00,51962587
Flipron,http://www.flipron.co.uk,THE BANDSTAND,SUNDAY,19:30 - 20:20,9966006
Flo Morrissey,http://flomorrissey.tumblr.com/,THE PARK STAGE,SATURDAY,11:00 - 11:40,74830996
Florence,http://florenceandthemachine.net,PYRAMID STAGE,FRIDAY,19:15 - 20:25,1296148
Flying Lotus,http://flying-lotus.com/youre-dead/,WEST HOLTS,SUNDAY,22:00 - 23:15,12828160
Foghorn Leghorn,https://soundcloud.com/foghorn-leghorn-1,SMALL WORLD STAGE,WEDNESDAY,21:45 - 23:00,9902976
Fold,,GENOSYS,SUNDAY,03:30 - 05:00,1319089
Foo Fighters,http://foofighters.com,PYRAMID STAGE,FRIDAY,21:15 - 23:45,1000062
Forcenra,http://www.forcenra.com/,ANCIENT FUTURES,THURSDAY,23:00 - 00:00,42195110
Foreign Affairs,http://www.foreignaffairsmusic.co.uk,AVALON CAFÉ STAGE,SUNDAY,10:30 - 11:15,1189391
Foreign Beggars,,ARCADIA,SATURDAY,21:00 - 22:00,1021579
Four Tet,http://www.fourtet.net/,WOW!,SUNDAY,20:00 - 22:00,2247
Frank Sanazi,http://www.franksanazi.com,CABARET,SATURDAY,22:45 - 23:05,15983591
Frank Turner,http://frank-turner.com/,OTHER STAGE,SATURDAY,12:00 - 13:00,6792875
Frankie Francis,http://www.sofrito.co.uk/,HMS SWEET CHARITY,SATURDAY,04:00 - 05:00,18071751
Fraser Hooper,http://www.fraserhooper.com,SENSATION SEEKERS STAGE,FRIDAY,13:05 - 13:35,91587729
Fred V,http://www.fredvandgrafix.com/,THE SPACEPORT,FRIDAY,02:00 - 03:00,49271137
Free Like Me,http://www.freelikeme.com.au,THE BANDSTAND,SATURDAY,16:00 - 16:50,66587459
Freestylers,http://freestylersmusic.co.uk/,GLADE,FRIDAY,19:35 - 20:35,1017196
Frei Zinger,,CROISSANT NEUF BANDSTAND,WEDNESDAY,11:00 - 12:00,1139560
Frisky,http://www.friskyandmannish.co.uk,SENSATION SEEKERS STAGE,FRIDAY,16:35 - 17:05,1298428
Funkshy,,THE LIZARD STAGE,WEDNESDAY,23:00 - 01:00,82103202
Furs,http://www.fursband.co.uk/,WILLIAM'S GREEN,SATURDAY,10:30 - 11:10,16403783
Fuse ODG,http://www.fuseodg.com/,SONIC,FRIDAY,22:00 - 22:45,55682003
Future Islands,http://www.future-islands.com/,OTHER STAGE,SUNDAY,17:15 - 18:15,13917647
Gaea Knight,https://www.facebook.com/gaea.knight,MANDALA STAGE,WEDNESDAY,01:00 - 02:00,78522423
Gaudi,http://gaudimusic.com/,GLADE,SUNDAY,00:05 - 01:55,1974
Gaz Brookfield,http://www.gazbrookfield.com,AVALON CAFÉ STAGE,SUNDAY,17:30 - 18:15,14162709
Gaz Coombes,http://www.gazcoombes.com/#01MqRft8RK13YMj4.97,THE PARK STAGE,SATURDAY,15:30 - 16:30,36797121
Gazzo,http://www.gazzoshow.com,THE PAVEMENT,FRIDAY,19:10 - 19:40,2072215
Gecko,,GREENPEACE,THURSDAY,16:00 - 16:45,1192520
Gemma Rogers,http://gemandthemilmen.com,RABBIT HOLE,SATURDAY,16:30 - 17:00,32907224
Gengahr,http://www.gengahr.com/,JOHN PEEL STAGE,SUNDAY,11:40 - 12:20,89357288
Gentleman George,,THE ROCKET LOUNGE,Thursday,23:00 - 00:00,19851315
George Ezra,http://www.georgeezra.com,PYRAMID STAGE,SATURDAY,15:00 - 16:00,77575397
George Fitzgerald,,THE BEAT HOTEL,SATURDAY,22:45 - 00:30,42424880
George Orange,http://georgeorange.com/,THE PAVEMENT,FRIDAY,14:50 - 15:20,76150769
George The Poet,http://georgethepoetblog.tumblr.com/,SONIC,SUNDAY,16:30 - 17:30,75292800
Gerd Janson,http://www.residentadvisor.net/dj/gerdjanson,WOW!,FRIDAY,01:00 - 03:00,17673775
Gertie,http://www.facebook.com/gaygertie,HMS SWEET CHARITY,THURSDAY,02:00 - 03:00,12507572
Gertie,http://www.facebook.com/gaygertie,HMS SWEET CHARITY,SATURDAY,03:00 - 04:00,12507572
Ghetto Funk Allstars,,THE HOUSE OF COME ONS,SATURDAY,03:00 - 04:00,65001211
Ghost Lights,https://m.youtube.com/watch?v=gjhqrnr8Q_k,THE RUM SHACK,THURSDAY,21:00 - 22:00,18768468
Giant Sand,http://howegelb.com/,THE PARK STAGE,SATURDAY,14:10 - 15:00,1018476
Gideon,,GENOSYS,FRIDAY,00:00 - 01:30,1054936
Giovanna,,GREENPEACE,SUNDAY,14:00 - 14:40,6719233
Gipsydelica,,THE LIZARD STAGE,THURSDAY,23:00 - 00:30,33509225
Glass Animals,http://glassanimals.eu/,THE PARK STAGE,FRIDAY,15:30 - 16:30,43111396
Glyn Famous,,NYC DOWNLOW,THURSDAY,00:25 - 00:30,83365071
Goat,http://goatsweden.blogspot.co.uk/,THE PARK STAGE,SUNDAY,21:00 - 22:15,1028961
Gold Dubs,,BABYLON UPRISING,SATURDAY,23:00 - 00:00,82247610
Goldie,http://www.goldie.co.uk/,THE BLUES,FRIDAY,22:00 - 23:30,2076
Goldmaster Allstars,http://www.goldmasterallstars.com/,THE ROCKET LOUNGE,Friday,04:00 - 05:00,2024972
Gonne Choi,http://iamgonne.com/,GULLY,FRIDAY,13:30 - 14:30,96174634
Goodnight Lenin,,CROISSANT NEUF BANDSTAND,FRIDAY,18:30 - 19:00,54801290
Gorgon City,http://www.gorgoncity.com/,SONIC,SATURDAY,21:15 - 22:15,75654265
GotSome,https://www.facebook.com/gotsomemusic,SONIC,FRIDAY,14:00 - 15:30,85894019
Gramski,,POETRY&WORDS,FRIDAY,16:35 - 16:55,14572615
Grandmaster Flash,http://www.grandmasterflash.com/,SONIC,SUNDAY,23:00 - 00:00,4269
Grant-Lee Phillips,http://www.grantleephillips.com/,ACOUSTIC STAGE,SUNDAY,14:30 - 15:10,1013566
Grantly,,GLADE LOUNGE,SATURDAY,19:30 - 21:00,13953219
Gravity Drive,http://www.thegravitydrive.com,TOAD HALL,SATURDAY,15:00 - 16:00,36872377
Greg Belson,,NYC DOWNLOW,THURSDAY,20:00 - 21:30,16469152
Greg Wilson,http://www.gregwilson.co.uk/,THE BEAT HOTEL,SUNDAY,17:30 - 19:00,6732448
Gregory Porter,http://www.gregoryporter.com/,WEST HOLTS,SATURDAY,17:00 - 18:00,14369045
Gretchen Peters,http://www.gretchenpeters.com/,ACOUSTIC STAGE,SUNDAY,16:20 - 17:05,2034752
Gringo Ska,http://www.gringoska.co.uk,AVALON CAFÉ STAGE,SATURDAY,22:30 - 23:30,33424114
Groove Armada,http://www.groovearmada.com/,THE BEAT HOTEL,SUNDAY,19:00 - 20:30,1000230
Groovy Guy,http://www.groovyguyshow.com,THE PAVEMENT,FRIDAY,15:25 - 15:55,19066878
Guns of Navarone,http://www.wearetheguns.com/theband.aspx,THE ROCKET LOUNGE,Wednesday,22:00 - 00:00,6755136
Guy Williams,,THE DOWNLOW RADIO,FRIDAY,03:00 - 04:30,10775600
Gypsy Hill,,THE HOUSE OF COME ONS,THURSDAY,00:00 - 01:00,46713329
Gypsydelica,,GREENPEACE/ THE ENGINE ROOM,SUNDAY,00:00 - 02:00,29224959
Habadekuk,http://www.habadekuk.dk/,AVALON STAGE,SATURDAY,15:45 - 16:45,32933632
Hannah Holland,,THE DOWNLOW RADIO,THURSDAY,20:00 - 23:00,10790763
Hannah Wants,,ARCADIA,SUNDAY,19:00 - 20:00,67152047
Hari Mau Matt,https://soundcloud.com/tribeoffrog/hari-mau-matt-recorded-at-tribe-of-frog-november-2013,GLADE LOUNGE,THURSDAY,19:30 - 21:00,99031592
Harry Baker,http://www.harrybaker.co,POETRY&WORDS,FRIDAY,15:45 - 16:05,70302692
Hattie Hatstar,http://www.hattie.biz,SMALL WORLD STAGE,WEDNESDAY,18:30 - 19:30,10430769
Hayley Mckay,http://www.hayleymckay.co.uk,TOAD HALL,WEDNESDAY,18:10 - 18:50,49054349
Hazel Soze,https://www.facebook.com/djhazelmusic,THE BLUES,SATURDAY,14:00 - 15:30,92833366
Heal The Last Stand,http://www.healthelaststand.com/,SMALL WORLD STAGE,THURSDAY,14:45 - 15:45,33417711
Heavenly Jukebox,,STONEBRIDGE,THURSDAY,20:30 - 22:00,42825848
Henry,https://www.facebook.com/peter.culture,THE BLUES,SUNDAY,20:30 - 22:00,1011646
Herbert live,http://matthewherbert.com/,SONIC,SATURDAY,15:00 - 16:15,21321874
Hiatus Kaiyote,http://hiatuskaiyote.com/,LA PUSSY PARLURE,SATURDAY,01:45 - 03:00,71140158
High Contrast,http://www.highlycontrasting.com,THE SPACEPORT,FRIDAY,01:00 - 02:00,1583
Hinds,http://hinds.bandcamp.com/,JOHN PEEL STAGE,FRIDAY,12:00 - 12:40,32971819
Hip Hop Karaoke,,STONEBRIDGE,SATURDAY,16:00 - 18:00,27393554
Hiroki Okano,http://www.seventhwavemusic.co.uk/,MANDALA STAGE,THURSDAY,18:00 - 19:00,6673987
HMS Morris,http://hmsmorrisband.bandcamp.com/,BBC INTRODUCING,FRIDAY,13:45 - 14:10,82568830
Hobbit,,GREENPEACE,SATURDAY,13:30 - 14:00,1015914
hobo jones,http://www.ade2000.pwp.blueyonder.co.uk/hobojones/,AVALON STAGE,FRIDAY,13:00 - 13:55,34996595
Hobo Jones and the Junkyard Dogs,,AVALON CAFÉ STAGE,SATURDAY,00:00 - 01:00,26859616
Hodge,https://www.facebook.com/Hodgebristol,WOW!,THURSDAY,22:00 - 23:00,11179372
hodmadoddery,http://www.Hodmadoddery.co.uk,THE BANDSTAND,THURSDAY,14:00 - 15:00,14146594
Honey Dijon,,NYC DOWNLOW,FRIDAY,00:30 - 01:55,10975455
Hooton Tennis Club,https://www.facebook.com/HootonTennisClub,WILLIAM'S GREEN,FRIDAY,15:30 - 16:10,84148732
Hospital Records,https://hospitalrecords.com/,HEAVEN,SATURDAY,12:00 - 14:00,1104873
Hostage,https://soundcloud.com/alanparley,THE CAVE,SATURDAY,04:00 - 05:00,6604106
Hot Chip,http://www.hotchip.co.uk/,WEST HOLTS,FRIDAY,22:15 - 23:45,1275756
Hot Tin Roofs,http://www.thehottinroofs.co.uk,CROISSANT NEUF,THURSDAY,23:45 - 01:00,100222858
Hozier,http://hozier.com/,PYRAMID STAGE,SUNDAY,13:00 - 13:45,83715978
Hue Jah Fink,,LONDON UNDERGROUND,THURSDAY,01:45 - 03:00,10728143
Husband,,THE DOWNLOW RADIO,SUNDAY,00:00 - 01:30,10283643
Hype,,THE BLUES,SUNDAY,13:00 - 14:30,1209582
Hyper-On Experience,,LONDON UNDERGROUND,THURSDAY,23:00 - 00:30,1050797
I Am Kloot,http://www.iamkloot.com/,AVALON STAGE,SATURDAY,21:45 - 22:45,1217
Ibeyi,http://www.ibeyi.fr/,THE PARK STAGE,SATURDAY,13:00 - 13:45,81487285
Ibibio Sound Machine,http://www.ibibiosoundmachine.com/,WEST HOLTS,SUNDAY,13:00 - 14:00,80643473
Idiotape,http://idiotape.com/,LA PUSSY PARLURE,THURSDAY,22:00 - 22:50,54107268
Idlewild,http://idlewild.co.uk/,AVALON STAGE,SUNDAY,21:25 - 22:25,1000505
Idris Elba,http://www.driis.com/,SONIC,SATURDAY,17:45 - 19:15,27206989
In Light Of Aquarius,,STONEBRIDGE,SATURDAY,20:00 - 22:00,76607503
Inari,,BABYLON UPRISING,FRIDAY,19:00 - 20:00,1074877
INDEE STYLA,https://www.facebook.com/indee.styla,GLADE,SATURDAY,16:00 - 17:00,66051061
India Electric Co,http://www.indiaelectricco.com,AVALON CAFÉ STAGE,THURSDAY,17:30 - 18:15,89796957
Indiana,https://www.facebook.com/indianathegirl,SONIC,SATURDAY,16:45 - 17:30,1070025
INU,,THE BANDSTAND,WEDNESDAY,19:15 - 20:15,1315545
Invisible System,http://www.invisiblesystem.com,THE SPIKE,SATURDAY,16:00 - 18:00,15262068
Ipcress,,GLADE LOUNGE,FRIDAY,22:00 - 23:30,15380963
Isolde Freeth-Hale,https://soundcloud.com/isolde-freeth-hale,MANDALA STAGE,FRIDAY,21:00 - 22:00,98979798
Isolde,,ANCIENT FUTURES,THURSDAY,15:30 - 16:30,11681525
It's a String Thing,,ANCIENT FUTURES,FRIDAY,18:30 - 19:00,60740987
Izzy Bizu,http://izzybizu.com/,LA PUSSY PARLURE,SATURDAY,13:30 - 14:30,84019347
Jack Campbell,http://www.jackcampbellcomedian.com/,CABARET,FRIDAY,14:15 - 14:45,33597955
Jack Garratt,http://jackgarratt.com/,THE PARK STAGE,SUNDAY,13:00 - 13:40,19658967
Jack Rabbit Slim,,DELUXE DINER,Wednesday,20:00 - 22:00,10024757
Jack Robert Hardman,http://www.jackroberthardman.co.uk,RABBIT HOLE,SATURDAY,13:00 - 13:30,32069187
Jack Savoretti,http://www.jacksavoretti.com,ACOUSTIC STAGE,SUNDAY,20:00 - 21:00,15562911
Jack Tyson Charles,https://www.facebook.com/JackTysonCharles,RABBIT HOLE,FRIDAY,22:00 - 22:45,78814027
Jackmaster,,GREENPEACE/ THE ENGINE ROOM,THURSDAY,02:00 - 03:00,10045901
Jacky Murda,,SALON CAROUSEL,FRIDAY,04:00 - 05:00,7010665
Jagz Kooner,http://www.jagzkooner.co.uk,JAG'Z ACID LOUNGE,FRIDAY,01:30 - 04:00,1072917
Jah Shaka,,LONDON UNDERGROUND,SUNDAY,00:00 - 05:00,334
Jake Isaac,http://mrjakeisaac.wix.com/jakeisaac,LA PUSSY PARLURE,FRIDAY,19:30 - 20:30,53967425
Jakl,https://www.facebook.com/jaklmusic,RABBIT HOLE,THURSDAY,20:00 - 20:30,50846019
Jalapeno Sound System,,HEDS PARTY IN SONIC,THURSDAY,00:00 - 04:00,43214215
James Bay,http://www.jamesbay.com,PYRAMID STAGE,FRIDAY,13:00 - 14:00,59872716
James Hillard,,NYC DOWNLOW,FRIDAY,04:30 - 06:00,36470382
James Monro,http://www.djjamesmonro.com/,GLADE LOUNGE,FRIDAY,23:30 - 01:15,6761638
Jamie T,http://jamie-t.com/,OTHER STAGE,SUNDAY,20:15 - 21:15,6934647
Jamie xx,http://www.jamiexx.com/,THE PARK STAGE,FRIDAY,21:30 - 22:30,53248097
Jamz Supernova,,LA PUSSY PARLURE,SATURDAY,12:00 - 13:30,92712590
janco,,THE DOWNLOW RADIO,FRIDAY,22:00 - 00:00,13920199
Jane Weaver,http://www.janeweavermusic.com/,WILLIAM'S GREEN,SUNDAY,15:00 - 15:40,1089932
Jarrod Dickenson,http://www.jarroddickenson.com,ACOUSTIC STAGE,SATURDAY,13:35 - 14:15,48463354
Jason Baxter,,CROISSANT NEUF BANDSTAND,WEDNESDAY,17:00 - 18:00,16704159
Jasper James,https://soundcloud.com/djjasperjames,BEZ'S ACID HOUSE,SUNDAY,00:00 - 02:00,17391638
Jaz Delorean,,THE LIZARD STAGE,SUNDAY,01:00 - 02:30,15078356
Jazzuelle,https://www.facebook.com/Jazzuelle,THE BLUES,SUNDAY,23:30 - 01:00,83287883
JD McPherson,http://www.jdmcpherson.com/,ACOUSTIC STAGE,FRIDAY,17:25 - 18:10,63501635
Jeremy Hardy,,CABARET,SATURDAY,12:05 - 12:35,6822033
Jerome Hill,http://WWW.SOUNDCLOUD.COM/JEROMEHILL,THE CAVE,SATURDAY,00:00 - 01:00,6801199
Jerri Hart,,CROONER'S CORNER,THURSDAY,16:00 - 16:45,34742966
Jess Glynne,http://jessglynne.co.uk/,SONIC,SUNDAY,18:00 - 18:45,58086954
Jess Goyder,http://www.jessgoyder.com,SMALL WORLD STAGE,FRIDAY,17:15 - 18:15,74554483
Jessie Ware,http://jessieware.com/,JOHN PEEL STAGE,SATURDAY,18:15 - 19:10,58026864
Jesus,,WOW!,THURSDAY,23:00 - 03:00,1346171
Jez Hellard,http://www.jezhellard.com/htdocs/,SMALL WORLD STAGE,WEDNESDAY,23:15 - 00:15,60237695
Jez Hellard,,THE LIZARD STAGE,SUNDAY,19:00 - 20:00,60237695
JFB,https://soundcloud.com/jfbdj,HELL STAGE,SATURDAY,05:30 - 06:00,1310409
Jim Bitch,https://soundcloud.com/jimbit,THE CAVE,SUNDAY,04:00 - 05:00,65885624
Jimeoin,http://www.jimeoin.com,CABARET,FRIDAY,19:00 - 19:45,1040978
Jimi Needles,,HEAVEN,THURSDAY,21:00 - 22:00,16940585
Jinx In Dub,,THE CAVE,SUNDAY,00:00 - 01:00,15968666
Jo Girl,,DELUXE DINER,Thursday,13:30 - 15:00,103638182
Jo Nathan,,GENOSYS,SUNDAY,20:00 - 21:30,15022352
Joaquin Zihuatanejo,http://www.artspeakspoet.com,POETRY&WORDS,FRIDAY,18:10 - 18:55,10658406
Joe Claussell,,GENOSYS,SUNDAY,18:30 - 20:00,1091249
Joe Lycett,,CABARET,SUNDAY,23:28 - 23:58,13223396
Joey Page,http://www.joey-page.co.uk/,CABARET,FRIDAY,14:50 - 15:20,12842767
John E Vistic Experience,http://www.vistic.co.uk,THE BANDSTAND,SATURDAY,21:00 - 22:00,21305363
John Fairhurst,http://www.johnfairhurst.com,RABBIT HOLE,SUNDAY,14:45 - 15:15,16484268
John Hegley,http://www.johnhegley.co.uk,POETRY&WORDS,SATURDAY,18:10 - 18:55,1190123
John Otway,http://www.johnotway.com,CABARET,SATURDAY,15:00 - 15:30,1028652
John Pointer,http://www.patronism.com/johnpointer,TOAD HALL,WEDNESDAY,15:10 - 15:50,10918446
John Row,http://www.johnrow.com/,STORYTELLERS TENT,THURSDAY,18:00 - 20:00,30764539
Jolenes,https://www.youtube.com/watch?v=6mDacmB9Nmo,THE ROCKET LOUNGE,Wednesday,19:00 - 20:00,10641450
Jon Hicks,http://www.foolsparadise.co.uk/companies/jonhicks/,SENSATION SEEKERS STAGE,FRIDAY,14:15 - 14:30,14579737
Jon Hopkins,http://www.jonhopkins.co.uk/,THE PARK STAGE,SATURDAY,23:00 - 00:15,1096034
Jon Rundell,http://www.residentadvisor.net/dj/jonrundell,GLADE,THURSDAY,21:00 - 22:00,2025688
Jonathan Kay,http://www.jonathankay.co.uk,THE ASTROLABE THEATRE,FRIDAY,16:50 - 18:20,10174041
Jonny Turpentine,,WANGO RILEY'S TRAVELLING STAGE,THURSDAY,21:45 - 22:30,31845733
Jonny Woo,,NYC DOWNLOW,THURSDAY,01:55 - 02:00,20788414
Jono,,STONEBRIDGE,FRIDAY,17:00 - 18:00,10009137
Josh Caffe,,GENOSYS,FRIDAY,21:00 - 22:30,52795274
Josh Widdicombe,,CABARET,SATURDAY,13:15 - 13:45,58627548
Juck Juck Grunzie,https://www.facebook.com/juckjuckgrunzie,GULLY,FRIDAY,15:00 - 16:00,76215742
Jungle,http://junglejunglejungle.com/,OTHER STAGE,FRIDAY,16:30 - 17:30,1010840
Junior J,,BABYLON UPRISING,SATURDAY,12:00 - 13:00,2168834
Jus Now,https://www.facebook.com/Bunjigarlinmusic,GULLY,FRIDAY,21:30 - 23:00,76529817
Jus Now,,BABYLON UPRISING,THURSDAY,22:00 - 02:45,76529817
JUST A COUPLE OF MUMS,http://justacoupleofmums.com,VILLAGE INN,THURSDAY,23:00 - 01:30,93844100
Justin Robertson,https://www.facebook.com/djjustinrobertson,JAG'Z ACID LOUNGE,SUNDAY,01:20 - 03:10,1055461
Juwon Ogungbe,http://www.juwonogungbe.com,CABARET,FRIDAY,16:25 - 16:55,74496986
K.atou,,THE DOWNLOW RADIO,SATURDAY,04:30 - 06:00,16263182
K.B.S,https://soundcloud.com/djkbs,THE SPACEPORT,FRIDAY,15:00 - 17:30,52827206
K.O.G,,GREENPEACE,FRIDAY,16:00 - 16:45,34544660
K.O.G.,https://www.facebook.com/zongobrigade,AVALON STAGE,SUNDAY,11:30 - 12:10,14522145
Kamera,https://soundcloud.com/kameramusic,BEZ'S ACID HOUSE,FRIDAY,04:00 - 06:00,1171167
Kangaroo Moon,http://www.kangaroomoon.com/,SMALL WORLD STAGE,SUNDAY,23:15 - 00:30,5029
Kanye West,http://www.kanyewest.com,PYRAMID STAGE,SATURDAY,22:15 - 23:45,1037970
Kasai Allstars,http://www.crammed.be/index.php?id=34&art_id=73,WEST HOLTS,FRIDAY,16:00 - 17:00,12828511
Katch Pyro,https://soundcloud.com/katchpyro,SALON CAROUSEL,SATURDAY,03:00 - 04:00,54875707
Kate Tempest,http://katetempest.co.uk/,WOW!,SUNDAY,19:00 - 20:00,51839346
Kayo Chingonyi,http://kchingonyi.wordpress.com,POETRY&WORDS,SATURDAY,16:25 - 16:45,36906225
Kernow King,,CABARET,FRIDAY,18:40 - 18:55,75595600
Kero Kero Bonito,http://kerokerobonito.tumblr.com/,WOW!,THURSDAY,20:00 - 20:30,77088226
Keston Cobblers Club,http://kestoncobblers.club/,AVALON STAGE,SUNDAY,12:35 - 13:30,55193666
Kevin Eldon,,CABARET,FRIDAY,19:50 - 20:10,1246914
Kezia,http://www.keziaofficial.co.uk/,SMALL WORLD STAGE,THURSDAY,12:00 - 13:00,13507942
Kidnap Kid,https://www.facebook.com/kidnapkid,GLADE,SATURDAY,17:15 - 18:15,49759497
Kiko Bun,https://www.facebook.com/KikoBunOfficial,GULLY,SUNDAY,19:15 - 20:15,89134384
King Creosote,http://www.kingcreosote.com/,AVALON STAGE,FRIDAY,20:15 - 21:15,1281772
King Gizzard,http://kinggizzardandthelizardwizard.com/,THE PARK STAGE,FRIDAY,13:00 - 13:45,74273637
King Gizzard And The Lizard Wizard,http://kinggizzardandthelizardwizard.com/,WILLIAM'S GREEN,FRIDAY,18:30 - 19:10,63925257
King Porter Stomp,http://kingporterstomp.co.uk,THE BANDSTAND,SATURDAY,17:10 - 18:00,12539246
King Yoof,https://soundcloud.com/king-yoof-sonz-of-mecha,THE CAVE,SUNDAY,23:00 - 00:00,66486490
Kitsch,http://www.kitschsync.co.uk,THE SPACEPORT,FRIDAY,18:30 - 21:00,1039699
"Kitty, Daisy",http://www.kittydaisyandlewis.com/,ACOUSTIC STAGE,SATURDAY,15:25 - 16:05,48629102
Kon,,GENOSYS,THURSDAY,20:00 - 21:30,2081447
Krafty Kuts vs A.Skillz,http://www.kraftykuts.com/,GLADE,SUNDAY,21:00 - 22:10,60451966
Krankbrother,http://www.krankbrother.com/,THE BEAT HOTEL,FRIDAY,21:30 - 23:00,69103435
Krept and Konan,http://www.kreptxkonan.com/,SONIC,SUNDAY,20:15 - 20:45,65247258
Krossbow,https://krossbow.bandcamp.com/,HEAVEN,SUNDAY,03:00 - 04:00,67686800
Kuenta i Tambu,,GREENPEACE,SATURDAY,14:15 - 15:00,54804845
Kuki,http://www.kukiandthebard.com/home/,SMALL WORLD STAGE,WEDNESDAY,15:00 - 15:45,10772264
Kwabana Lindsay,,CROONER'S CORNER,THURSDAY,18:00 - 18:30,80103685
La Femme,http://lafemmemusic.com/,WILLIAM'S GREEN,SATURDAY,17:30 - 18:10,6999094
La Roux,http://laroux.co.uk/,JOHN PEEL STAGE,SATURDAY,21:05 - 22:05,34811232
Lamb,http://lambofficial.com/,AVALON STAGE,FRIDAY,23:15 - 00:25,621
Land of Giants,,THE GATEWAY,FRIDAY,19:45 - 20:15,9967465
Land of the Giants,http://www.landofthegiantsmusic.co.uk/,THE BANDSTAND,FRIDAY,21:00 - 22:00,16689506
Lazlo Legezer,https://soundcloud.com/lazlo-legezer,THE RUM SHACK,SUNDAY,04:00 - 05:00,12587699
Lazy Habits,,THE HOUSE OF COME ONS,SATURDAY,02:15 - 03:00,6970106
Le Gateau Chocolat,,NYC DOWNLOW,SATURDAY,02:55 - 03:00,67059055
Leander Morales,,AVALON CAFÉ STAGE,SATURDAY,15:30 - 16:15,10057220
Lee Nelson,http://www.leenelson.com,CABARET,SATURDAY,00:55 - 01:25,10174413
Leftfield,http://www.leftfieldmusic.com/,SONIC,SATURDAY,23:00 - 00:30,285
Legs,,NYC DOWNLOW,WEDNESDAY,23:55 - 00:00,10275053
Lekiddo - Lord Of The Lobsters!,http://www.lekiddo.com,THE SUMMER HOUSE,FRIDAY,13:15 - 13:45,47245508
Lekiddo - Lord Of The Lobsters,http://www.lekiddo.com,AVALON CAFÉ STAGE,SATURDAY,17:30 - 18:15,67244771
Lenkemz,https://soundcloud.com/lenkemz,SALON CAROUSEL,FRIDAY,00:00 - 01:00,58314582
Leon Bridges,http://www.leonbridges.com/,JOHN PEEL STAGE,FRIDAY,14:00 - 14:40,92515854
Leon Vynehall,https://www.facebook.com/LeonVynehall,WOW!,FRIDAY,20:30 - 22:00,74387027
Les Bubb,,THE SUMMER HOUSE,FRIDAY,17:00 - 17:20,18133142
Lewah,http://www.facebook.com/djlewah,GLADE,FRIDAY,14:45 - 15:25,62890529
Lianne La Havas,http://www.liannelahavas.com/splash/splashpage_6,JOHN PEEL STAGE,SUNDAY,19:05 - 20:05,50092407
Lindsey,,DELUXE DINER,Saturday,00:00 - 02:00,10206551
Lionel Richie,http://lionelrichie.com,PYRAMID STAGE,SUNDAY,16:00 - 17:15,1009031
Live Band,,WILLIAM'S GREEN,THURSDAY,22:30 - 23:30,16541770
LIVING IN A DISCO,,THE BEAT HOTEL,THURSDAY,12:00 - 13:30,48688819
Loefah,,LONDON UNDERGROUND,SATURDAY,03:15 - 04:45,6796702
London Elektricity,http://londonelektricity.com/,THE SPACEPORT,FRIDAY,00:00 - 01:00,1049675
LoneLady,http://concrete-retreat.tumblr.com/,WILLIAM'S GREEN,FRIDAY,12:30 - 13:10,12368630
Long Shen Dao,https://www.facebook.com/longshendao,GULLY,SUNDAY,17:45 - 18:45,67227346
Longy,,THE BREAD AND ROSES,FRIDAY,23:00 - 23:45,1019150
Loonaloop,http://www.loonaloopmusic.com,SMALL WORLD STAGE,FRIDAY,23:15 - 00:30,6607510
Los Excentricos,http://www.losexcentricos.com/index.php/en/,THE ASTROLABE THEATRE,FRIDAY,19:30 - 20:40,34253754
Loyle Carner,http://www.loylecarner.com/,BBC INTRODUCING,FRIDAY,15:15 - 15:40,85158178
Lucas,https://www.facebook.com/lucasandking?fref=ts,ACOUSTIC STAGE,SUNDAY,12:00 - 12:30,1013251
Lucy Kitchen,http://lucykitchen.com/,JOHN PEEL STAGE,SUNDAY,11:00 - 11:20,20333623
Luke Howard,,NYC DOWNLOW,SUNDAY,03:00 - 05:00,2101268
Luke Solomon,,NYC DOWNLOW,FRIDAY,22:00 - 00:30,1299048
Luke Wright,http://www.lukewright.co.uk,CABARET,SATURDAY,20:35 - 21:05,10585496
Lulu,http://www.luluofficial.com/,AVALON STAGE,FRIDAY,18:45 - 19:45,5634
Lyza Jane,https://soundcloud.com/lyza-jane,RABBIT HOLE,THURSDAY,17:00 - 17:30,83885752
M.O,http://www.officialmo.com/,LA PUSSY PARLURE,FRIDAY,21:00 - 22:00,14186484
Maceo Plex,,ARCADIA,FRIDAY,23:30 - 00:30,61792629
MacPherson,,LONDON UNDERGROUND,WEDNESDAY,01:45 - 03:00,14445253
Mad Apple Circus,,THE HOUSE OF COME ONS,SUNDAY,00:15 - 01:30,66013098
mad cows,https://soundcloud.com/themadcows,RABBIT HOLE,SATURDAY,00:00 - 01:15,12782974
Mad Dog McCrea,,CROISSANT NEUF BANDSTAND,THURSDAY,17:15 - 18:00,16627751
Mad Dog Mcrea,http://www.maddogmcrea.co.uk,THE BANDSTAND,FRIDAY,18:20 - 19:10,12386109
Madame Electrifie,,THE HOUSE OF COME ONS,SATURDAY,05:00 - 06:00,76327565
Maid of Ace,http://www.maid-of-ace.com/,BBC INTRODUCING,SATURDAY,13:30 - 13:55,53017970
MAK,,THE DOWNLOW RADIO,SUNDAY,01:30 - 03:00,1261044
MAMADOO,http://mamadoo.pl,A LITTLE MORE SENSATION,FRIDAY,00:00 - 00:20,62601419
Man Power,,THE BEAT HOTEL,THURSDAY,16:30 - 18:15,1178470
Manaia,,GULLY,FRIDAY,12:15 - 13:15,11577329
Manasseh,https://soundcloud.com/rootsgarden7/sets/nick-manasseh,GLADE LOUNGE,SUNDAY,21:00 - 22:30,1184350
Mandidextrous,https://soundcloud.com/mandidextroustnt,SALON CAROUSEL,SATURDAY,02:00 - 03:00,64172018
Mann Friday,http://mannfriday.com/,RABBIT HOLE,SUNDAY,18:30 - 19:30,2140889
Marc O' Reilly,,GREENPEACE,FRIDAY,13:30 - 14:20,78850828
Marc O'Reilly,http://www.marcoreillymusic.com/,THE BREAD AND ROSES,THURSDAY,20:30 - 21:00,65578092
Marcos Valle,http://www.allmusic.com/artist/marcos-valle-mn0000954817,WEST HOLTS,FRIDAY,14:30 - 15:30,5645
Marcus,,ANCIENT FUTURES,SUNDAY,14:00 - 15:30,1131718
Marcus Brigstocke,,CABARET,FRIDAY,12:05 - 12:35,6995957
Marcus Intalex,,LONDON UNDERGROUND,FRIDAY,03:00 - 04:30,3833
Mark Archer,http://markarcher.co.uk/,THE CAVE,SATURDAY,02:00 - 03:00,11010376
Mark Copeland,,THE BREAD AND ROSES,THURSDAY,18:00 - 18:30,13328981
Mark E,http://ghostly.com/artists/mark-e,THE BEAT HOTEL,FRIDAY,20:00 - 21:30,11805778
Mark Ronson,http://www.markronson.co.uk/,OTHER STAGE,FRIDAY,21:00 - 22:00,1188014
Martha Tilston,http://www.marthatilston.co.uk,SMALL WORLD STAGE,SATURDAY,14:45 - 16:00,6918284
Martha,https://marthadiy.bandcamp.com/,LEFT FIELD,FRIDAY,18:00 - 19:00,1269748
Mary J. Blige,http://maryjblige.com,PYRAMID STAGE,FRIDAY,16:00 - 17:00,2536
Matt 'Jam' Lamont,http://www.mattjam.com/biography,WOW!,SATURDAY,23:00 - 00:00,26804058
Matt Black,,THE TEMPLE,THURSDAY,22:00 - 23:00,1249870
Matt Kirshen,http://www.mattkishen.com,CABARET,FRIDAY,20:15 - 20:45,22336484
Matt Pond,,GENOSYS,SATURDAY,16:00 - 17:30,2159201
Matt Richardson,http://www.mattrichardsoncomedy.co.uk,CABARET,FRIDAY,22:55 - 23:25,15461304
Matt Sewell,,FREE UNIVERSITY OF GLASTONBURY,SUNDAY,15:00 - 15:45,48150706
Matthew And Me,http://matthewandme.co.uk/,BBC INTRODUCING,FRIDAY,13:00 - 13:25,75909645
Matthew Herbert,,FREE UNIVERSITY OF GLASTONBURY,SATURDAY,13:00 - 13:45,5233
Matty Skylab,https://www.mixcloud.com/mattyskylab/,JAG'Z ACID LOUNGE,FRIDAY,23:00 - 01:30,20972136
Mauro Paganini,http://www.mauropaganini.com,CROONER'S CORNER,FRIDAY,14:20 - 14:50,45747761
Mavis Staples,http://mavisstaples.com/,THE PARK STAGE,SATURDAY,20:00 - 21:00,1003194
Max Pashm,,ANCIENT FUTURES,SUNDAY,00:30 - 01:30,10005469
Maz O’Connor,http://www.eliseyouill.com,TOAD HALL,FRIDAY,14:30 - 15:30,81849107
Meadowlark,http://meadowlarkofficial.tumblr.com/,BBC INTRODUCING,SUNDAY,18:50 - 19:15,14207456
Meat Market,,THE BANDSTAND,FRIDAY,15:00 - 15:40,11546135
Mel,http://www.tarantism.co.uk/,SMALL WORLD STAGE,SUNDAY,14:45 - 15:45,6888934
Mella Dee,,BABYLON UPRISING,FRIDAY,00:00 - 01:00,58742120
Meltdown Mickey,https://soundcloud.com/mickey-meltdown,THE TEMPLE,FRIDAY,05:00 - 06:00,12974591
Men In Coats,http://www.menincoats.co.uk,CABARET,FRIDAY,23:40 - 00:10,47187285
Mendetz,https://www.facebook.com/pages/MENDETZ/24607185354,GULLY,SATURDAY,18:45 - 20:00,10985340
Menendez Brothers,,TOLPUDDLE,THURSDAY,19:00 - 21:00,52429833
Mercadonegro,http://www.bibomusic.com/component/content/article/35-artists/62-mercadonegro.html,GLASTO LATINO,FRIDAY,00:00 - 01:30,11099507
Merry McCloud,http://www.merrymcloud.com,TOAD HALL,FRIDAY,18:35 - 19:30,69320256
Mic Lowry,http://miclowry.com/,BBC INTRODUCING,SUNDAY,16:30 - 16:55,18475671
Michael Campari,,SENSATION SEEKERS STAGE,FRIDAY,17:50 - 18:35,60658696
Michael Clark Company,http://www.michaelclarkcompany.com,THE ASTROLABE THEATRE,FRIDAY,14:15 - 14:45,98984530
Michael Eavis,,SPEAKERS FORUM,SUNDAY,16:00 - 17:00,45559781
Mickey Finn,https://www.facebook.com/djmickyfinn,THE TEMPLE,SATURDAY,03:00 - 04:00,1036189
Midland,,NYC DOWNLOW,SUNDAY,22:00 - 00:00,10788739
mik artistic,http://www.mikartistik.com/,THE ROCKET LOUNGE,Thursday,20:00 - 21:00,18050578
Mik Artistik's Ego Trip,http://www.mikartistik.com/,THE SUMMER HOUSE,FRIDAY,16:10 - 16:40,18892312
Mike Garry,http://mikegarry.co.uk,CABARET,SATURDAY,20:00 - 20:30,53995620
Mike Pickering,https://www.mixcloud.com/tag/mike-pickering/,BEZ'S ACID HOUSE,SATURDAY,01:00 - 02:00,7021289
miles cleret,http://www.soundwayrecords.com,HMS SWEET CHARITY,FRIDAY,04:00 - 05:00,33362826
Milky Chance,http://www.milkychanceofficial.com/,GULLY,SUNDAY,22:45 - 00:00,78261751
Milly Hirst,http://millyhirst.co.uk/,BBC INTRODUCING,FRIDAY,16:45 - 17:10,43615975
Mini Da Minx,http://www.residentadvisor.net/dj/minidaminx,THE SPACEPORT,SUNDAY,20:00 - 21:00,15313437
Mini Mansions,http://www.minimansionsmusic.com,RABBIT HOLE,SUNDAY,22:00 - 23:00,49439860
Miss Pink,,THE CAVE,SUNDAY,03:00 - 04:00,14003858
Mistafire,,BABYLON UPRISING,FRIDAY,18:00 - 19:00,90472639
Mixmaster Morris,http://www.mixmastermorris.com,GLADE LOUNGE,THURSDAY,18:00 - 19:30,1097534
Mixnots,,HEDS PARTY IN SONIC,FRIDAY,01:00 - 07:00,82915534
MJEM-RIDZ,,TOLPUDDLE,THURSDAY,23:00 - 01:30,64333973
Mo'kalamity,http://www.mokalamity.com/,GULLY,FRIDAY,18:15 - 19:30,16158749
Mod,,BBC INTRODUCING,SATURDAY,12:00 - 12:25,1073318
Modestep,http://www.modestep.com/,JOHN PEEL STAGE,FRIDAY,21:15 - 22:15,54352265
Moleskin,,BABYLON UPRISING,SUNDAY,21:00 - 22:30,11147130
Molotov Jukebox,http://www.molotov-jukebox.co.uk/,AVALON STAGE,FRIDAY,21:45 - 22:45,48014705
Monkey Pilot,http://www.whirl-y-gig.org.uk/,GLADE,SATURDAY,14:10 - 14:40,10955419
Monki,,BBC INTRODUCING,THURSDAY,23:00 - 00:30,11835041
Mortisville,,THE HOUSE OF COME ONS,FRIDAY,01:00 - 02:00,52534362
MotÖrhead,http://imotorhead.com,PYRAMID STAGE,FRIDAY,17:30 - 18:30,2083418
Moulettes,http://www.moulettes.co.uk/,AVALON STAGE,SATURDAY,14:15 - 15:15,12881191
Moxie,http://djmoxie.com/,THE BEAT HOTEL,SATURDAY,19:30 - 21:00,1110518
Mr G,,GENOSYS,SUNDAY,23:00 - 00:00,1167756
MTC,,SALON CAROUSEL,SATURDAY,05:00 - 06:00,1272102
Mumdance,,WOW!,SUNDAY,00:00 - 01:00,31721455
Mungo's HiFi,http://www.mungoshifi.net/,THE BLUES,FRIDAY,23:30 - 01:00,6897550
Murray Lachlan Young,,THE SUMMER HOUSE,SUNDAY,11:00 - 11:45,1071619
Mushy,,BEZ'S ACID HOUSE,SUNDAY,23:00 - 05:00,10413751
Mushy,,BABYLON UPRISING,FRIDAY,23:00 - 00:00,10413751
MUTe,http://www.mutemime.com,THE SUMMER HOUSE,FRIDAY,13:50 - 14:20,1063771
My Baby,,THE HOUSE OF COME ONS,SUNDAY,22:00 - 23:00,10317096
My Bad Sister,http://mybadsister.com/,SALON CAROUSEL,FRIDAY,23:00 - 00:00,70978031
My Darling Clementine,http://mydarlingclementinemusic.co.uk/,ACOUSTIC STAGE,FRIDAY,13:40 - 14:20,31815185
My Nu Leng,http://www.black-butter.co.uk/my-nu-leng/,THE BLUES,SATURDAY,18:00 - 19:30,64678213
My Skin Against Your Skin,https://www.facebook.com/msaysband,LA PUSSY PARLURE,FRIDAY,15:00 - 16:00,49532861
Nacho,,NYC DOWNLOW,WEDNESDAY,20:00 - 22:00,1248090
Nadine Shah,http://nadineshah.co.uk/main/,WILLIAM'S GREEN,SATURDAY,11:30 - 12:10,43412153
Nao,,BBC INTRODUCING,SUNDAY,17:15 - 17:40,1331274
Nathan,,DELUXE DINER,Sunday,15:00 - 17:00,1172151
Nathan,,DELUXE DINER,Wednesday,00:00 - 01:30,1172151
Nathan Ball,http://www.nathanball.com/,SMALL WORLD STAGE,SUNDAY,02:15 - 03:00,9934044
Nathan Caton,http://www.nathancaton.com,CABARET,SATURDAY,15:35 - 16:05,12850631
Neil Landstrumm,https://soundcloud.com/neil-landstrumm,THE TEMPLE,FRIDAY,01:00 - 02:00,1041511
Neville Staple Band,http://www.originalrudeboy.co.uk/,AVALON STAGE,SATURDAY,23:15 - 00:25,45588993
New York Brass Band,,THE HOUSE OF COME ONS,SATURDAY,01:00 - 02:00,77528129
New York Jazz Band,,GREENPEACE,THURSDAY,13:00 - 13:45,77220110
Newham Generals,http://www.newhamgenerals.com/,THE BLUES,SATURDAY,17:00 - 18:00,10068194
Nic Fanciulli,http://www.nicfanciulli.com/,GLADE,THURSDAY,22:00 - 00:30,1063416
Nick Doody,,CABARET,SATURDAY,17:25 - 17:55,34625926
Nick Frew,,DELUXE DINER,Friday,02:30 - 04:00,45242477
Nick Harper,http://www.harperspace.com,TOAD HALL,FRIDAY,21:00 - 22:00,2059264
Nick Hollywood,http://fingerlickinmanagement.co.uk/nick-hollywood/,HEAVEN,SUNDAY,23:00 - 00:00,13877504
"Nick Lowe, Paul Carrack",https://www.facebook.com/AndyFairweatherLowAndTheLowRiders/posts/836437989750861,ACOUSTIC STAGE,SATURDAY,20:00 - 21:00,49617430
Nick Navaro,,THE DOWNLOW RADIO,SUNDAY,03:00 - 05:00,88700366
Nick Parker and the False Alarms,http://www.nick-parker.co.uk,AVALON CAFÉ STAGE,FRIDAY,19:30 - 20:30,99162453
Nick Warren,http://www.djnickwarren.com,THE SPACEPORT,SATURDAY,01:30 - 03:00,1018012
Nicky B,,SALON CAROUSEL,FRIDAY,05:00 - 06:00,1305441
Nicky Blackmarket,,LONDON UNDERGROUND,THURSDAY,20:00 - 21:30,1002029
Nizlopi,http://www.nizlopi.com,CROISSANT NEUF,SATURDAY,13:00 - 14:00,2015041
Norman Jay,http://www.normanjaymbe.com/,HEAVEN,SUNDAY,14:00 - 20:00,1058067
Nova Heart,http://nova-heart.com/home/,LA PUSSY PARLURE,FRIDAY,18:00 - 19:00,10579603
October,http://www.octoberrocks.com/,SMALL WORLD STAGE,WEDNESDAY,17:15 - 18:15,1050001
Old Man Corner,http://oldmancorner.co.uk/,THE SPACEPORT,SUNDAY,15:00 - 18:00,83274199
Olivia Chaney,http://www.oliviachaney.net,ACOUSTIC STAGE,SUNDAY,12:45 - 13:20,15720346
Other Lives,http://otherlives.com/,WILLIAM'S GREEN,FRIDAY,14:30 - 15:10,43286363
Oui ja yes,https://www.facebook.com/ouijayes,RABBIT HOLE,FRIDAY,03:00 - 04:00,64426309
OzMoses,http://www.ozmoses.co.uk,BELLA'S FIELD,FRIDAY,18:00 - 18:30,54155706
Palenke Soultribe,http://www.palenkesoultribe.com/,GULLY,SATURDAY,23:00 - 00:30,15300554
Palma Violets,http://www.palmaviolets.co.uk/,WILLIAM'S GREEN,SATURDAY,20:30 - 21:15,76350110
Palms Trax,,THE BEAT HOTEL,SUNDAY,16:00 - 17:30,78335902
Paloma Faith,http://www.palomafaith.com,PYRAMID STAGE,SATURDAY,18:15 - 19:15,14569461
Pan-Pot,,ARCADIA,FRIDAY,00:30 - 01:30,11131744
Para,,THE CAVE,SATURDAY,23:00 - 00:00,1101811
Parris,,LONDON UNDERGROUND,SATURDAY,00:30 - 01:45,2169319
Partok,,NYC DOWNLOW,WEDNESDAY,00:00 - 01:30,16984971
Patrick Topping,https://www.facebook.com/pages/Patrick-Topping/543739625648970,WOW!,THURSDAY,20:30 - 22:00,68440948
Patti Smith,http://www.pattismith.net/intro.html,PYRAMID STAGE,SUNDAY,14:15 - 15:15,1264
Paul Currie,http://www.mrpaulcurrie.com,THE SUMMER HOUSE,FRIDAY,18:50 - 19:20,61909202
Paul Dee,,DELUXE DINER,Thursday,22:00 - 23:30,16137176
Paul Weller,http://paulweller.com,PYRAMID STAGE,SUNDAY,19:30 - 20:45,1265
Paul Woolford,https://www.facebook.com/paulwoolford,GLADE,SATURDAY,21:00 - 22:15,1150687
Paula Varjack,http://www.paulavarjack.com,POETRY&WORDS,FRIDAY,14:55 - 15:15,45481347
Peace,http://www.peaceforeverever.co.uk/,JOHN PEEL STAGE,FRIDAY,17:00 - 18:00,1042416
Pearls Negras,https://www.facebook.com/pearlsnegras,SONIC,SUNDAY,13:30 - 14:30,87970011
Pedram,https://soundcloud.com/pedram1,BEZ'S ACID HOUSE,FRIDAY,01:00 - 02:30,13401158
Perfume Genius,http://perfumegenius.net/,THE PARK STAGE,SUNDAY,18:00 - 19:00,27682474
Pete Fowler,http://petefowler.tumblr.com/,THE BEAT HOTEL,SATURDAY,16:30 - 18:00,13323185
Pete Roe,http://en.wikipedia.org/wiki/Pete_Roe,THE BANDSTAND,SUNDAY,15:00 - 15:40,14501945
Pete The Temp,http://www.petethetemp.co.uk,POETRY&WORDS,SUNDAY,14:55 - 15:20,52575286
Pharrell Williams,http://pharrellwilliams.com,PYRAMID STAGE,SATURDAY,20:00 - 21:15,1200233
Phil Kay,,CABARET,FRIDAY,21:45 - 22:15,17927203
Phil Nichol,,CABARET,FRIDAY,01:25 - 01:55,16929050
Phuture,,GENOSYS,FRIDAY,01:30 - 02:30,1037217
Piney Gir,http://www.pineygir.com/,RABBIT HOLE,SATURDAY,19:00 - 20:00,6611107
Placid,,GENOSYS,FRIDAY,19:30 - 21:00,1064174
Plume,,THE SPIKE,SUNDAY,14:00 - 16:00,1195300
Pogo,http://www.nanomusic.net/artists,GLADE LOUNGE,SATURDAY,22:00 - 23:45,6866929
Point G,,NYC DOWNLOW,FRIDAY,02:00 - 02:55,11572109
Pony Montana,,THE HOUSE OF COME ONS,FRIDAY,04:00 - 05:00,45831218
Porky The Poet,,POETRY&WORDS,SATURDAY,17:25 - 18:05,14368867
Pretty Vicious,https://www.facebook.com/Prettyviciousuk,BBC INTRODUCING,SATURDAY,19:00 - 19:25,12816073
Prides,http://pridesband.com/,JOHN PEEL STAGE,SUNDAY,14:40 - 15:20,70554573
Princess Slayer,http://www.princessslayer.com/,BBC INTRODUCING,SUNDAY,12:00 - 12:25,86872750
Producer,,SALON CAROUSEL,SUNDAY,02:00 - 03:00,1121680
Professor Elemental,http://www.professorelemental.com,SENSATION SEEKERS STAGE,FRIDAY,13:40 - 14:10,27761127
Profetas,http://www.profetas.com.co/,GULLY,SUNDAY,14:45 - 15:45,12033402
Pronghorn,,THE ROCKET LOUNGE,Wednesday,21:00 - 23:00,6912898
Prosumer,,GENOSYS,SATURDAY,01:30 - 03:00,10170667
Public Service Broadcasting,http://publicservicebroadcasting.net/,GLADE,SATURDAY,22:55 - 00:25,53594755
Pyramids of SNAFU,http://www.pyramidsofsnafu.com/,MANDALA STAGE,THURSDAY,00:00 - 01:00,11781434
Quivver,http://www.residentadvisor.net/dj/quivver,GLADE,SATURDAY,01:45 - 02:55,1042744
Rach Speakeasy,,DELUXE DINER,Wednesday,04:30 - 06:00,65885618
Rachel EC,,THE CAVE,THURSDAY,22:00 - 23:00,80551312
Rachel Rose Reid,http://www.rosycarrick.co.uk,POETRY&WORDS,FRIDAY,12:05 - 12:25,74104862
Radikal Guru,http://www.radikalguru.com/,THE CAVE,FRIDAY,02:00 - 03:00,36149938
RadioKillaZ,https://soundcloud.com/rkz_recordings,THE TEMPLE,SATURDAY,23:00 - 00:00,17166313
Rae Morris,http://www.raemorris.co.uk/,THE PARK STAGE,SUNDAY,14:00 - 14:45,60996497
Rag' n' Bone Man,http://www.ragnbonemanmusic.com/,THE PARK STAGE,SUNDAY,11:00 - 11:40,99325072
Raghu Dixit,http://raghudixit.com/,AVALON STAGE,FRIDAY,15:45 - 16:45,14766662
Rainy Boy Sleep,http://www.rainyboysleep.com/,JOHN PEEL STAGE,FRIDAY,13:00 - 13:40,60337385
Raleigh Ritchie,http://www.raleighritchie.com/,GULLY,SUNDAY,20:45 - 22:00,84135057
Ramona Flowers,http://www.theramonaflowersmusic.com/,RABBIT HOLE,FRIDAY,01:30 - 02:30,67054895
Ravi,,ANCIENT FUTURES,SATURDAY,21:30 - 23:00,1275995
Real Lies,http://reallies.co.uk/,WOW!,FRIDAY,18:00 - 19:00,19238332
Rebel Bingo,http://rebelbingo.com,THE BREAD AND ROSES,FRIDAY,17:00 - 18:00,79687684
Red Eye Hi Fi,http://www.boomartistsagency.com/artist-a-z/red-eye-hifi/,THE SPACEPORT,THURSDAY,15:00 - 16:30,84801361
Red Sky July,http://redskyjuly.com/,ACOUSTIC STAGE,FRIDAY,14:30 - 15:10,47872068
Redlight,,ARCADIA,SUNDAY,20:00 - 21:30,1117586
Reggae Roast,http://www.reggaeroast.co.uk/,THE RUM SHACK,FRIDAY,04:00 - 05:00,42708462
Rene LaVice,http://www.renelavice.com/#intro,WOW!,SATURDAY,18:00 - 19:00,57849682
Reverend Rockwell,,THE HOUSE OF COME ONS,THURSDAY,22:00 - 23:00,87711658
Rhodes,http://www.rhodesmusic.co.uk/,THE PARK STAGE,FRIDAY,11:00 - 11:40,6938247
Rhythmites,http://www.rhythmites.com,CROISSANT NEUF,SUNDAY,23:30 - 00:30,13874651
Ricardo Lemvo y Makina Loca,http://www.makinaloca.com/,GLASTO LATINO,SUNDAY,23:30 - 01:00,33161968
Richard Norris,http://richardnorris.dj,JAG'Z ACID LOUNGE,FRIDAY,04:00 - 06:00,17396861
Richy Ahmed,http://richyahmed.com/,THE SPACEPORT,SATURDAY,00:00 - 01:30,63218447
Rita Satch,http://www.ritasatch.com/,LA PUSSY PARLURE,SATURDAY,23:30 - 00:30,54003903
Rival Sons,http://www.rivalsons.com/,OTHER STAGE,SUNDAY,11:00 - 11:40,50712474
Rob Beckett,http://www.robbeckettcomedy.com,CABARET,FRIDAY,00:50 - 01:20,51310223
Rob Da Bank,,HEAVEN,FRIDAY,00:00 - 01:00,1114133
Rob Heron,http://www.teapadorchestra.co.uk,THE BANDSTAND,THURSDAY,19:30 - 20:30,28462856
robbo ranx,http://robboranx.com/,THE BLUES,FRIDAY,19:00 - 21:00,10470142
Robert Hood,,GENOSYS,SUNDAY,01:30 - 03:30,1640
Robert Llwellyn,,FREE UNIVERSITY OF GLASTONBURY,SATURDAY,13:00 - 13:45,59007862
Robyn Sherwell,http://robynsherwell.com/,BBC INTRODUCING,SATURDAY,14:15 - 14:40,58404573
Rod Laver,http://www.rodlaver.co.uk,THE ASTROLABE THEATRE,SATURDAY,12:05 - 12:15,1165374
Rodney Branigan,http://rodneybranigan.com/,AVALON CAFÉ STAGE,FRIDAY,17:30 - 18:15,6705545
Rodney Brannigan,http://www.rodneybranigan.com/,SMALL WORLD STAGE,WEDNESDAY,16:00 - 17:00,43876328
Ron Sexsmith,http://www.ronsexsmith.com/,ACOUSTIC STAGE,SUNDAY,15:25 - 16:05,1277
Roni Size Reprazent,http://www.ronisize.net/,SONIC,SATURDAY,19:45 - 20:45,1009770
Room Service,,THE BEAT HOTEL,THURSDAY,10:00 - 12:00,6752320
Rory McLeod,http://www.rorymcleod.com,CROISSANT NEUF,SATURDAY,17:30 - 18:30,1141414
Roy Ayers,http://www.royayers.net/,WEST HOLTS,SUNDAY,19:00 - 20:00,659
Ruby Throat,,THE HOUSE OF COME ONS,SATURDAY,20:00 - 21:00,15675647
Ruby Wax,,SPEAKERS FORUM,SUNDAY,13:00 - 15:00,32724852
Rudimental,http://rudimental.co.uk/wethegeneration/start,OTHER STAGE,FRIDAY,22:30 - 23:45,10481265
Rukhsana Merrise,https://www.facebook.com/rukhsana.merrise,BBC INTRODUCING,SUNDAY,13:30 - 13:55,75693136
Rum Buffalo,http://www.rumbuffalo.bandcamp.com/,SMALL WORLD STAGE,THURSDAY,18:45 - 19:45,82060630
Run the Jewels,http://www.runthejewels.net/,WEST HOLTS,FRIDAY,19:00 - 20:00,83101184
Russ Ryan,,HEDS PARTY IN SONIC,SUNDAY,04:00 - 07:00,57396175
Rusty Shackle,http://storage.googleapis.com/glasto15/artist/m-r/rusty_shackle.jpg,GREENPEACE,SUNDAY,17:00 - 17:40,61508013
Ruth Royall,http://ruthroyall.co.uk/,LA PUSSY PARLURE,SUNDAY,12:45 - 13:45,43224107
Ryan Adams,http://paxamrecords.com/,THE PARK STAGE,SUNDAY,22:30 - 23:45,1278
Sadoo,http://www.sadoomusic.net,TOAD HALL,SATURDAY,18:00 - 18:50,10901720
Sagan Megadrive,,ANCIENT FUTURES,SATURDAY,18:30 - 19:00,79541421
Saint Raymond,http://saintraymond.co.uk/,JOHN PEEL STAGE,SUNDAY,13:40 - 14:20,68685013
Sam Binga,https://www.facebook.com/sambingamusic,WOW!,SATURDAY,21:00 - 22:00,83035981
Sam Brockington,,CROISSANT NEUF BANDSTAND,FRIDAY,14:00 - 14:30,95692194
Sam Duckworth,http://www.samduckworth.co.uk,LEFT FIELD,SUNDAY,19:30 - 20:30,19112059
Sam Piper,https://soundcloud.com/sampipermusic/sets/lucid-dreaming/s-sZL0f,MANDALA STAGE,THURSDAY,16:00 - 17:00,13390766
Samuel Jack,http://www.samueljackoficial.com,AVALON CAFÉ STAGE,WEDNESDAY,18:30 - 19:15,91954397
Sara Hirsch,http://www.sarahirsch.wordpress.com,POETRY&WORDS,FRIDAY,15:20 - 15:40,63237602
SBTRKT,http://sbtrkt.com/,JOHN PEEL STAGE,FRIDAY,19:45 - 20:45,48706345
Scamp,https://soundcloud.com/scamp,SALON CAROUSEL,SATURDAY,04:00 - 05:00,2002874
Scottee,,NYC DOWNLOW,FRIDAY,01:55 - 02:00,22087633
Screamin Miss Jackson and the Slap Ya Mama Big Band,,CROISSANT NEUF,SATURDAY,19:00 - 20:00,103674099
Sculpture Music,http://www.sculpturemusic.co.uk,SMALL WORLD STAGE,SUNDAY,17:15 - 18:15,81497854
Seafret,http://www.seafret.com/,WILLIAM'S GREEN,THURSDAY,19:30 - 20:10,79020334
Secondcity,http://www.residentadvisor.net/dj/secondcity,WOW!,SATURDAY,22:00 - 23:00,67166330
Seinabo Sey,http://seinabosey.com/,LA PUSSY PARLURE,SUNDAY,17:15 - 18:15,56256616
Seize The Day,http://www.seizetheday.org,TOAD HALL,THURSDAY,18:00 - 19:00,6685794
Selah Sue,http://www.selahsue.com/,LA PUSSY PARLURE,FRIDAY,00:30 - 01:45,32340595
Sentient,https://www.facebook.com/pages/Sentient/210569165689403,MANDALA STAGE,SUNDAY,00:00 - 01:00,6630700
Sentimentalists,http://www.sentimentalists.co.uk/,GULLY,SATURDAY,12:45 - 13:45,19717762
Serial Killaz,https://soundcloud.com/serialkillaz,THE TEMPLE,SATURDAY,04:00 - 05:00,1300890
Seth Lakeman,http://www.sethlakeman.co.uk/,AVALON STAGE,SUNDAY,19:55 - 20:55,10181935
Seth Troxler,http://www.sethtroxler.com/,THE BEAT HOTEL,FRIDAY,15:00 - 17:00,10495217
Seven Little Sisters,http://www.sevenlittlesisters.com/news/,THE ROCKET LOUNGE,Wednesday,18:00 - 19:00,10273803
Sexyrubbersoul,,LONDON UNDERGROUND,WEDNESDAY,23:00 - 00:30,51937870
Shakti Sings Choir,http://www.shaktisings.org,CROISSANT NEUF,FRIDAY,19:00 - 20:00,91157754
Shappi Khorsandi,,CABARET,FRIDAY,20:50 - 21:20,15991718
Sharon Van Etten,http://www.sharonvanetten.com/,THE PARK STAGE,FRIDAY,20:00 - 21:00,12432733
Sherwood,http://www.adriansherwood.com/,GLADE,SUNDAY,19:40 - 20:50,1279772
Shields,http://www.behindshields.com/,RABBIT HOLE,THURSDAY,22:30 - 23:30,6609849
Shire Roots,,BABYLON UPRISING,SATURDAY,19:00 - 20:00,92713900
Shlomo,http://shlomobeatbox.co.uk/,THE PARK STAGE,FRIDAY,14:15 - 15:00,2126882
ShowHawk Duo,http://www.theshowhawkduo.com,THE BANDSTAND,WEDNESDAY,18:00 - 18:55,86230932
Shuffle Brothers,,BABYLON UPRISING,FRIDAY,16:00 - 17:00,34907559
Shy FX,https://www.facebook.com/ShyFX,WOW!,SATURDAY,02:00 - 03:00,1000353
Sian Evans,http://sian-evans.com/,ANCIENT FUTURES,SUNDAY,21:30 - 23:00,12751618
Sigma,http://www.sigmahq.com/,SONIC,FRIDAY,20:30 - 21:30,1036491
Silvastone,http://silvastonemusic.com/,THE BLUES,FRIDAY,21:00 - 22:00,33871353
Silver,,THE PAVEMENT,FRIDAY,13:05 - 13:35,1081808
Sinkane,http://sinkane.com/,WEST HOLTS,SATURDAY,14:00 - 15:00,21082323
Siriusmodeselektor,http://sirius.modeselektor.com/,WOW!,SUNDAY,01:00 - 02:30,97824728
Skanky Generals,,BABYLON UPRISING,SUNDAY,22:30 - 00:00,64892345
skarper,,LONDON UNDERGROUND,WEDNESDAY,20:00 - 21:30,35114337
Skepta,http://www.helloskepta.com/,WOW!,SATURDAY,20:20 - 21:00,1324084
Skream,,ARCADIA,FRIDAY,22:00 - 23:00,2111550
Slamboree,http://slamboree.com/,GLADE,SUNDAY,22:40 - 00:00,67351051
Slaves,http://youareallslaves.com/,JOHN PEEL STAGE,SATURDAY,14:00 - 14:40,1149321
Sleaford Mods,http://www.sleafordmods.com/,JOHN PEEL STAGE,SATURDAY,15:00 - 15:40,19190284
Sledgehead,https://www.facebook.com/people/Sledgehead-Bristol/100000308536583,THE BLUES,FRIDAY,01:00 - 03:00,19625489
Slugrave,,DELUXE DINER,Friday,23:30 - 01:00,66441401
Small Change,,GREENPEACE/ THE ENGINE ROOM,FRIDAY,01:00 - 02:00,11485832
Smith and Mighty,https://www.facebook.com/events/829327350453374/,THE BLUES,SUNDAY,22:00 - 23:30,1018676
Smokescreen,,GENOSYS,SATURDAY,21:30 - 23:00,6891972
Soak,http://www.soakmusic.co.uk/,OTHER STAGE,SUNDAY,12:00 - 12:40,1014766
Soft Rocks,,THE BEAT HOTEL,THURSDAY,13:30 - 15:00,11101041
SOiL,http://www.jvcmusic.co.jp/soilpimp/,WEST HOLTS,SATURDAY,15:30 - 16:30,1000684
Son of Dave,https://sonofdave.officialstore.co.uk/Shop/catalogue?ProdTitle=All%20Products,THE ROCKET LOUNGE,Saturday,00:00 - 01:00,6834498
Songhoy Blues,http://songhoy-blues.com/,PYRAMID STAGE,SUNDAY,12:00 - 12:40,87238203
Sonwah,,THE CAVE,THURSDAY,21:00 - 22:00,48465685
Soul Stew,http://www.billambergstudio.com,THE SPIKE,THURSDAY,20:00 - 22:00,20200868
Sound Of The Sirens,http://www.soundofthesirens.net,AVALON CAFÉ STAGE,THURSDAY,11:30 - 12:15,52679603
Space Monkeys,,AVALON CAFÉ STAGE,SATURDAY,19:30 - 20:30,1038927
Spanish Class,,THE BREAD AND ROSES,THURSDAY,18:30 - 19:15,10123849
Spector,http://spector.co.uk/,WILLIAM'S GREEN,SATURDAY,15:30 - 16:10,10682872
Spiritualized,http://piritualized.com,THE PARK STAGE,SATURDAY,21:30 - 22:30,13
Spor,,ARCADIA,SATURDAY,01:30 - 03:00,1154128
Stacey Cohen,,ANCIENT FUTURES,SATURDAY,17:00 - 18:30,48137660
Stealing Sheep,http://stealingsheep.co.uk/,WILLIAM'S GREEN,FRIDAY,16:30 - 17:10,48579412
Steel Pulse,http://www.steelpulse.com/,WEST HOLTS,SUNDAY,17:30 - 18:30,5762
Steve Gribbin,,CABARET,SATURDAY,12:40 - 13:10,6924933
Steve Knightly,http://www.growyourowngig.co.uk,TOAD HALL,SATURDAY,21:00 - 22:00,12949574
Steve Mills,,A LITTLE MORE SENSATION,FRIDAY,13:15 - 13:45,10566956
Steve Rawlings,,CABARET,FRIDAY,16:00 - 16:20,32297548
Stivs,,SALON CAROUSEL,SATURDAY,00:00 - 01:00,11380161
Stompin' Dave,http://www.stompindave.com/bluegrass.htm,THE BANDSTAND,WEDNESDAY,20:40 - 21:40,67480070
Stornoway,http://www.stornoway.eu/,ACOUSTIC STAGE,FRIDAY,15:30 - 16:10,15135269
Stuart Black,http://www.stuart-black.com,CABARET,SATURDAY,18:35 - 19:05,47764247
Suede,http://www.suede.co.uk/,JOHN PEEL STAGE,SATURDAY,22:35 - 23:45,238
Sugarbear,,THE DOWNLOW RADIO,SATURDAY,01:30 - 03:00,10011888
Sunday Service,,CROISSANT NEUF BANDSTAND,SUNDAY,11:30 - 12:30,10045125
Sunset Sons,http://sunsetsons.com/,JOHN PEEL STAGE,SATURDAY,12:00 - 12:40,88481428
Super Furry Animals,http://www.superfurry.com/,THE PARK STAGE,FRIDAY,23:00 - 00:15,1000313
Susie Ro,http://www.susieayla.co.uk,TOAD HALL,THURSDAY,00:30 - 01:20,78504049
Swamp 81,http://www.swamp81.com/,BEZ'S ACID HOUSE,SUNDAY,02:00 - 04:00,49479215
Swim Deep,http://www.swim-deep.co.uk/,WILLIAM'S GREEN,SATURDAY,19:30 - 20:10,66120308
t.b.c,,THE TEMPLE,SATURDAY,22:00 - 23:00,10808030
Tahuna Breaks,http://tahunabreaks.com/,GULLY,SATURDAY,15:45 - 16:45,13402494
Tall Black Guy,http://tallblackguyproductions.com/,LA PUSSY PARLURE,SATURDAY,22:00 - 23:30,32882449
Tama Sumo,,GENOSYS,SUNDAY,16:00 - 18:30,14381212
Tankus the Henge,http://www.tankusthehenge.co.uk/,SMALL WORLD STAGE,THURSDAY,23:45 - 01:00,10347748
Tarantism,http://www.tarantism.co.uk/,SMALL WORLD STAGE,FRIDAY,01:00 - 02:00,6773375
Tarka,https://www.mixcloud.com/tarka,GLADE LOUNGE,FRIDAY,19:30 - 21:00,14157408
Task Force,http://realtalk-records.com/,SALON CAROUSEL,FRIDAY,02:00 - 03:00,1054478
Taylor McFerrin,http://www.taylormcferrin.com/,LA PUSSY PARLURE,SATURDAY,19:30 - 20:30,14498703
tee cardaci,,THE DOWNLOW RADIO,SATURDAY,00:00 - 01:30,46837323
Tell Tale Tusk,http://www.telltaletusk.com/,SMALL WORLD STAGE,THURSDAY,01:30 - 02:30,91950935
Temple Funk Collective,http://templefunk.com/,HELL STAGE,FRIDAY,20:05 - 20:50,84654644
Tendai,,LONDON UNDERGROUND,FRIDAY,04:30 - 06:00,11791698
Terry,http://www.terryandgerry.com,ACOUSTIC STAGE,FRIDAY,12:00 - 12:40,6624506
Tess Of The Circle,http://www.tessofthecircle.com/,SMALL WORLD STAGE,FRIDAY,18:45 - 19:45,83557804
Texas,http://www.texas.uk.com/,ACOUSTIC STAGE,SATURDAY,18:30 - 19:30,1298
The 2 Bears,http://www.the2bears.co.uk/,THE BEAT HOTEL,SUNDAY,20:30 - 22:00,54653558
The Activators,,CROISSANT NEUF BANDSTAND,THURSDAY,15:00 - 15:45,65301484
The Antipoet,http://rrrants.org/,POETRY&WORDS,FRIDAY,11:30 - 12:00,57818708
The Baghdaddies,http://www.baghdaddies.com,THE BANDSTAND,SATURDAY,00:00 - 01:00,6613413
The Beat Cats,http://www.thebeatcats.com/,THE ROCKET LOUNGE,Friday,03:00 - 04:00,42205863
The Beatbox Collective,,THE GATEWAY,FRIDAY,16:00 - 16:30,78344778
The Bees Knees,http://www.londonsfinestflappers.com,THE SUMMER HOUSE,FRIDAY,14:50 - 14:58,11072206
The Bevis Frond,https://bevisfrond.bandcamp.com/,WILLIAM'S GREEN,SUNDAY,17:00 - 17:40,1239454
The Black Eagles,http://www.foolsparadise.co.uk/companies/blackeagles/,THE ASTROLABE THEATRE,FRIDAY,13:30 - 13:55,10759843
The Bootleg Beatles,http://www.bootlegbeatles.com/,ACOUSTIC STAGE,SUNDAY,17:25 - 18:10,13359678
The Brass Funkeys,http://brassfunkeys.com/,GULLY,SATURDAY,12:00 - 12:45,96045982
The Bug ft Manga,,ARCADIA,SATURDAY,20:00 - 21:00,97040909
The Burning Hell,http://www.wearetheburninghell.com/,WILLIAM'S GREEN,FRIDAY,11:30 - 12:10,17798235
The Busy Twist,,BABYLON UPRISING,FRIDAY,22:00 - 23:00,69010750
The Cadbury Sisters,http://www.thecadburysisters.com,CROISSANT NEUF,SATURDAY,14:30 - 15:30,67530348
The Cambodian Space Project,http://cambodianspaceproject.com/,WEST HOLTS,FRIDAY,11:30 - 12:30,59035470
The Carny Villains,https://thecarnyvillains.bandcamp.com/,HELL STAGE,SUNDAY,03:00 - 04:00,66413953
The Carry Nation,,GENOSYS,SATURDAY,23:00 - 01:30,70083356
The Cash Cows,http://www.barehunter.co.uk,AVALON CAFÉ STAGE,FRIDAY,11:30 - 12:15,78290730
The Chemical Brothers,http://www.thechemicalbrothers.com/,OTHER STAGE,SUNDAY,21:45 - 23:15,1000591
The Church,https://soundcloud.com/rumpsteppers,HELL STAGE,FRIDAY,21:05 - 21:50,1233697
The Cribs,http://www.thecribs.com,OTHER STAGE,FRIDAY,12:30 - 13:20,1300996
The Demon Barbers,http://www.thedemonbarbers.co.uk,THE ASTROLABE THEATRE,FRIDAY,18:20 - 19:20,11971750
The Districts,http://thedistrictsband.com/,JOHN PEEL STAGE,FRIDAY,15:00 - 15:40,11188825
The Downsetters,http://www.thedownsetters.co.uk/,THE ROCKET LOUNGE,Friday,05:00 - 06:00,70657421
the drystones,http://www.thedrystones.co.uk/,AVALON STAGE,SATURDAY,11:30 - 12:25,76245272
The Egg,,GREENPEACE/ THE ENGINE ROOM,FRIDAY,02:00 - 03:00,1237916
The Electric Swing Circus,http://electricswingcircus.com/,AVALON STAGE,SUNDAY,22:55 - 23:55,70778615
The Fall,http://thefall.xyz/,THE PARK STAGE,SUNDAY,19:30 - 20:30,551
The Fearless Light,http://www.thefearlesslight.co,AVALON CAFÉ STAGE,SUNDAY,12:30 - 13:15,100255565
The FOKN Bois,http://www.soundcloud.com/thextremevolumes,TOAD HALL,SATURDAY,01:30 - 02:30,73407043
THE GASLAMP KILLER EXPERIENCE,http://www.thegaslampkiller.com/,WEST HOLTS,FRIDAY,17:30 - 18:30,100410108
The Gravity Drive,,GREENPEACE,SUNDAY,16:00 - 16:40,79084850
The Guns of Navarone,,THE GATEWAY,FRIDAY,13:50 - 14:35,7010399
The Heatwave,http://www.theheatwave.co.uk,THE SPACEPORT,THURSDAY,17:45 - 19:00,15527112
The Jacques,http://www.thejacques.co.uk/,WILLIAM'S GREEN,SATURDAY,16:30 - 17:10,43419696
THE JIVE ACES,http://www.jiveaces.com/,AVALON STAGE,SATURDAY,17:15 - 18:15,9928360
The John Langan Band,,THE LIZARD STAGE,SATURDAY,01:00 - 02:30,48366378
The Johnsons,,AVALON CAFÉ STAGE,WEDNESDAY,21:00 - 22:00,1252780
The Little Unsaid,http://www.thelittleunsaid.com,SMALL WORLD STAGE,THURSDAY,13:15 - 14:15,57096339
The Lost Brothers,http://thelostbrothersband.com/,ACOUSTIC STAGE,SATURDAY,14:30 - 15:10,1246335
The Lounge Kittens,,CABARET,FRIDAY,17:35 - 18:05,89658537
The Maccabees,http://www.themaccabees.co.uk/,OTHER STAGE,SATURDAY,19:05 - 20:05,1238155
The Men That Will Not Be Blamed For Nothing,https://blamedfornothing.bandcamp.com/,THE ROCKET LOUNGE,Thursday,21:00 - 22:00,47329542
The Mob,,WANGO RILEY'S TRAVELLING STAGE,SUNDAY,23:00 - 23:45,1251552
The Moody Blues,http://www.moodybluestoday.com/,ACOUSTIC STAGE,SATURDAY,21:30 - 23:00,1001383
The Mouse Outfit,https://themouseoutfit.wordpress.com/,HELL STAGE,SUNDAY,23:20 - 00:10,36309501
The Noses,http://www.thenoses.co.uk,AVALON CAFÉ STAGE,SATURDAY,16:30 - 17:15,41887227
The Phantom Band,http://www.phantomband.co.uk/,WILLIAM'S GREEN,SUNDAY,18:00 - 18:40,15757195
The Pop Group,http://www.thepopgroup.net/,JOHN PEEL STAGE,SATURDAY,16:00 - 16:40,2069
The Portraits,http://www.theportraitsmusic.com/,RABBIT HOLE,SUNDAY,13:30 - 14:00,18816540
The Proclaimers,http://www.proclaimers.co.uk/,ACOUSTIC STAGE,FRIDAY,20:00 - 21:00,1234472
The Purist,https://www.facebook.com/ThePurist,SONIC,SUNDAY,15:00 - 16:00,42240939
The Revenge,http://www.therevenge.co.uk/,WOW!,FRIDAY,22:00 - 23:00,6693218
The Sea Kings,http://www.theseakings.co.uk/,SMALL WORLD STAGE,SATURDAY,16:15 - 17:15,10323818
The Shires,http://www.theshiresmusic.com/,ACOUSTIC STAGE,SUNDAY,13:35 - 14:15,17943597
The Skints,http://www.theskints.co.uk/,GULLY,FRIDAY,20:00 - 21:00,12260221
The Smyths,http://www.thesmyths.net/,WILLIAM'S GREEN,SUNDAY,11:00 - 11:40,10566310
The Staves,http://www.thestaves.com/,THE PARK STAGE,SUNDAY,15:10 - 16:00,16465079
The Trouble,,THE HOUSE OF COME ONS,FRIDAY,03:00 - 04:00,1321050
The Turbans,http://www.theturbans.wix.com/theturbans,SMALL WORLD STAGE,FRIDAY,02:15 - 03:00,1257725
The Vaccines,http://www.thevaccines.com/,OTHER STAGE,FRIDAY,18:00 - 19:00,13207156
The Voyeurs,http://thevoyeursofficial.tumblr.com/,WILLIAM'S GREEN,FRIDAY,17:30 - 18:10,6943145
The Waterboys,http://www.mikescottwaterboys.com,PYRAMID STAGE,SATURDAY,13:30 - 14:30,1001804
The Who,http://thewho.com,PYRAMID STAGE,SUNDAY,21:45 - 23:15,1235281
The Worry Dolls,http://www.worrydollsmusic.com,THE BANDSTAND,SATURDAY,12:45 - 13:40,7035060
The Zombies,http://www.thezombies.net/,AVALON STAGE,SUNDAY,18:25 - 19:25,1234431
Thea Gilmore,http://www.theagilmore.net/,LEFT FIELD,FRIDAY,19:30 - 20:30,1002132
Thee Faction,http://www.theefaction.org/,LEFT FIELD,SATURDAY,18:00 - 19:00,57972398
Theo Bard,http://www.theobard.com,SMALL WORLD STAGE,SATURDAY,18:45 - 19:45,33169071
Three Daft Monkeys,http://www.3daftmonkeys.co.uk,THE BANDSTAND,SATURDAY,19:35 - 20:35,12792528
Thrill Collins,https://thrillcollins.bandcamp.com,RABBIT HOLE,SUNDAY,15:45 - 16:30,42499860
Tiffany Stevenson,,CABARET,FRIDAY,00:15 - 00:45,62043433
Tigerlight,http://www.muzu.tv/channel/tigerlight/,THE SPACEPORT,SATURDAY,22:00 - 23:00,75233029
Tigger,https://soundcloud.com/sidewinder1,THE SPACEPORT,SATURDAY,18:00 - 19:15,1338616
Tobias Jacob,http://www.tobiasbenjacob.bandcamp.com/releases,SMALL WORLD STAGE,FRIDAY,12:00 - 13:00,56095377
Tobias Jacob,,ANCIENT FUTURES,FRIDAY,21:30 - 23:00,56095377
Toby Tobias,,THE BEAT HOTEL,THURSDAY,15:00 - 16:30,11247473
Todd Terje,http://toddterje.com/,WEST HOLTS,SATURDAY,20:00 - 21:00,10349503
Tom Binns,,CABARET,FRIDAY,17:00 - 17:30,2154428
Tom E Lewis,https://www.facebook.com/pages/Tom-E-Lewis/153372004861035,GLADE,SATURDAY,13:20 - 14:10,16231654
Tom Price-Stephens,,THE LIZARD STAGE,FRIDAY,19:00 - 20:00,60586902
Tom Real,,GLADE LOUNGE,THURSDAY,01:30 - 03:00,14402337
Tom Robinson,http://www.tomrobinson.com,ACOUSTIC STAGE,SATURDAY,17:25 - 18:10,1063678
Tom Stade,,CABARET,SUNDAY,22:08 - 22:38,10732289
Tomato Fight,,THE TEMPLE,SUNDAY,18:00 - 18:45,57011070
Tommy Emmanuel,http://www.tommyemmanuel.com/,ACOUSTIC STAGE,SATURDAY,16:20 - 17:05,1003640
Tongue And Groove,https://soundcloud.com/tongueandgrooveofficial,THE SPACEPORT,SATURDAY,23:00 - 00:00,6964428
Tony Law,,CABARET,SATURDAY,00:20 - 00:50,43147992
TONY ROSS,https://soundcloud.com/dj-tony-ross-1,BEZ'S ACID HOUSE,SATURDAY,02:00 - 03:30,17806213
Too Many T's,,GREENPEACE,SATURDAY,12:45 - 13:30,70584115
TOO MANY ZOOZ,https://toomanyzooz.bandcamp.com/,GLADE,SUNDAY,18:40 - 19:25,88785297
Tora,https://toramusic.bandcamp.com/,WILLIAM'S GREEN,SUNDAY,12:00 - 12:40,6750058
Tourist,http://touristmusic.com/,LA PUSSY PARLURE,FRIDAY,22:30 - 23:30,1306816
Toy,http://toy-band.com/,WILLIAM'S GREEN,FRIDAY,19:30 - 20:10,1030303
Trampolene,,GREENPEACE,SATURDAY,16:00 - 16:45,80558658
Trembling Bells,http://www.tremblingbells.com,THE BANDSTAND,FRIDAY,19:30 - 20:30,43119756
Tribal Voices,http://www.tribalvoices.org.uk/tvoices.htm,MANDALA STAGE,THURSDAY,02:00 - 03:00,10138345
Tricky,http://www.trickysite.com/,SONIC,SUNDAY,21:15 - 22:30,70
Tristan,http://www.nanomusic.net/,GLADE LOUNGE,SATURDAY,23:45 - 01:15,1133933
Trouble Vision,,NYC DOWNLOW,THURSDAY,23:00 - 00:25,36654375
Tuff Love,http://www.reallytufflove.com/,BBC INTRODUCING,SATURDAY,16:35 - 17:00,14273154
Turkish Delights,,THE LIZARD STAGE,SATURDAY,16:00 - 17:00,10582031
Twin Atlantic,http://www.twinatlantic.com/,OTHER STAGE,SUNDAY,15:45 - 16:45,16780243
Ulterior Motive,https://ello.co/ulteriormotive,HEAVEN,SATURDAY,03:00 - 04:00,11159921
Uncle Funk,http://www.unclefunk.co.uk,SENSATION SEEKERS STAGE,FRIDAY,01:40 - 02:40,26570253
Undercover Hippy,http://www.billyrowen.co.uk,TOAD HALL,FRIDAY,20:00 - 20:45,17322132
United Vibrations,,THE LIZARD STAGE,FRIDAY,01:00 - 02:00,16510431
Van Goffey,http://facebook.com/vangoffey,RABBIT HOLE,SATURDAY,22:00 - 22:30,16412422
Vandal,http://www.kaotiksoundsystem.co.uk,SALON CAROUSEL,SUNDAY,03:00 - 04:00,1294946
Vicky Arlidge,http://www.vickyarlidge.com,CABARET,FRIDAY,12:40 - 13:10,76078795
Vintage Trouble,http://www.vintagetrouble.com/,WEST HOLTS,SATURDAY,18:30 - 19:30,62463490
VINYL JUNKIE,http://www.warehousewax.co.uk/vinyljunkie/,SALON CAROUSEL,SUNDAY,01:00 - 02:00,11793881
Waa Wei,https://www.facebook.com/lovewaa,LA PUSSY PARLURE,THURSDAY,23:20 - 00:20,34703832
Way Out West,http://www.wayoutwestmusic.co.uk/,GLADE,SATURDAY,19:45 - 20:55,1002959
Weaves,http://weavesband.com/,JOHN PEEL STAGE,FRIDAY,11:00 - 11:40,18146737
Whilk,http://whilkandmisky.com/,LA PUSSY PARLURE,SATURDAY,21:00 - 22:00,101196593
Whimwise,http://www.whimwise.com/,MANDALA STAGE,WEDNESDAY,20:00 - 21:00,15958243
Wild Geese,,THE BEAT HOTEL,THURSDAY,18:15 - 20:00,13537989
Wilkinson,http://wilkinson-music.com/,SONIC,FRIDAY,15:30 - 16:45,16355838
Wilko Johnson,http://wilkojohnson.com/,ACOUSTIC STAGE,FRIDAY,18:30 - 19:30,1338857
Will Joseph Cook,http://willjosephcook.co.uk/,BBC INTRODUCING,SATURDAY,18:05 - 18:30,77368357
Will White,,THE SPIKE,SATURDAY,01:00 - 03:00,6942546
Wobble,http://www.wobbleandwheeze.co.uk,MANDALA STAGE,THURSDAY,17:00 - 18:00,16615390
Wolf Alice,http://wolfalice.co.uk/,THE PARK STAGE,FRIDAY,17:00 - 18:00,65922947
Work It,http://youworkit.co.uk/,LA PUSSY PARLURE,FRIDAY,01:45 - 03:00,1308130
World Government,https://worldgovt.wordpress.com,THE BANDSTAND,FRIDAY,00:00 - 01:00,31351659
Worry Dolls,,GREENPEACE,SUNDAY,12:00 - 12:45,15019234
Yasser,,BBC INTRODUCING,THURSDAY,20:00 - 21:30,10886662
Years and Years,http://yearsandyearsofficial.com/,JOHN PEEL STAGE,SATURDAY,17:00 - 17:50,67715806
Yiddish Twist Orchestra,http://www.peterconwaymanagement.com/artists/yiddish-twist-orchestra,AVALON STAGE,SATURDAY,18:45 - 19:45,54681572
Young Fathers,http://www.young-fathers.com/,OTHER STAGE,SATURDAY,14:45 - 15:45,28933328
Youngsta,,LONDON UNDERGROUND,SATURDAY,01:45 - 03:15,6863768
yourgardenday,http://yourgardenday.co.uk,AVALON CAFÉ STAGE,SUNDAY,16:30 - 17:15,45869336
Z-Aires Mayapur,,THE TEMPLE,FRIDAY,22:00 - 23:00,14332141
Zibra,http://www.zibrazibrazibra.com/,BBC INTRODUCING,SUNDAY,19:35 - 20:00,70304517
Zion Train,http://wobblyweb.com/,HELL STAGE,SUNDAY,01:40 - 02:40,2130
ZOOBAZAR,http://www.zoobazar.es/en/,GULLY,FRIDAY,16:30 - 17:45,33521050
2 Bad Mice,,LONDON UNDERGROUND,THURSDAY,21:30 - 23:00,1014677
3 DAFT MONKEYS,,TOAD HALL,SATURDAY,16:30 - 17:30,10303276
45 Live,,STONEBRIDGE,FRIDAY,13:00 - 14:00,15226206
47soul,,SMALL WORLD STAGE,THURSDAY,17:20 - 18:20,94700525
601,,THE TEMPLE,SATURDAY,01:00 - 02:00,4649
